-- MySQL dump 10.13  Distrib 5.5.42, for Linux (x86_64)
--
-- Host: localhost    Database: storytec_nwshare_monde_namnam
-- ------------------------------------------------------
-- Server version	5.5.42-cll

/*!40101 SET @OLD_CHARACTER_SET_CLIENT=@@CHARACTER_SET_CLIENT */;
/*!40101 SET @OLD_CHARACTER_SET_RESULTS=@@CHARACTER_SET_RESULTS */;
/*!40101 SET @OLD_COLLATION_CONNECTION=@@COLLATION_CONNECTION */;
/*!40101 SET NAMES utf8 */;
/*!40103 SET @OLD_TIME_ZONE=@@TIME_ZONE */;
/*!40103 SET TIME_ZONE='+00:00' */;
/*!40014 SET @OLD_UNIQUE_CHECKS=@@UNIQUE_CHECKS, UNIQUE_CHECKS=0 */;
/*!40014 SET @OLD_FOREIGN_KEY_CHECKS=@@FOREIGN_KEY_CHECKS, FOREIGN_KEY_CHECKS=0 */;
/*!40101 SET @OLD_SQL_MODE=@@SQL_MODE, SQL_MODE='NO_AUTO_VALUE_ON_ZERO' */;
/*!40111 SET @OLD_SQL_NOTES=@@SQL_NOTES, SQL_NOTES=0 */;

--
-- Table structure for table `badges`
--

DROP TABLE IF EXISTS `badges`;
/*!40101 SET @saved_cs_client     = @@character_set_client */;
/*!40101 SET character_set_client = utf8 */;
CREATE TABLE `badges` (
  `id` int(10) unsigned NOT NULL AUTO_INCREMENT,
  `recipe_id` varchar(255) COLLATE utf8_unicode_ci NOT NULL,
  `badge_choosen` varchar(255) COLLATE utf8_unicode_ci NOT NULL,
  `created_at` timestamp NOT NULL DEFAULT '0000-00-00 00:00:00',
  `updated_at` timestamp NOT NULL DEFAULT '0000-00-00 00:00:00',
  PRIMARY KEY (`id`)
) ENGINE=InnoDB DEFAULT CHARSET=utf8 COLLATE=utf8_unicode_ci;
/*!40101 SET character_set_client = @saved_cs_client */;

--
-- Dumping data for table `badges`
--

LOCK TABLES `badges` WRITE;
/*!40000 ALTER TABLE `badges` DISABLE KEYS */;
/*!40000 ALTER TABLE `badges` ENABLE KEYS */;
UNLOCK TABLES;

--
-- Table structure for table `categories`
--

DROP TABLE IF EXISTS `categories`;
/*!40101 SET @saved_cs_client     = @@character_set_client */;
/*!40101 SET character_set_client = utf8 */;
CREATE TABLE `categories` (
  `id` int(10) unsigned NOT NULL AUTO_INCREMENT,
  `name` varchar(255) COLLATE utf8_unicode_ci NOT NULL,
  `created_at` timestamp NOT NULL DEFAULT '0000-00-00 00:00:00',
  `updated_at` timestamp NOT NULL DEFAULT '0000-00-00 00:00:00',
  PRIMARY KEY (`id`)
) ENGINE=InnoDB AUTO_INCREMENT=12 DEFAULT CHARSET=utf8 COLLATE=utf8_unicode_ci;
/*!40101 SET character_set_client = @saved_cs_client */;

--
-- Dumping data for table `categories`
--

LOCK TABLES `categories` WRITE;
/*!40000 ALTER TABLE `categories` DISABLE KEYS */;
INSERT INTO `categories` VALUES (1,'All','2015-01-08 04:19:38','2015-01-08 04:19:38'),(2,'Pasta','2015-01-08 04:19:38','2015-01-11 20:19:36'),(3,'Vegetables','2015-01-11 20:19:50','2015-03-13 03:20:55'),(4,'Beef','2015-01-12 02:02:32','2015-01-12 02:02:32'),(5,'Pork','2015-01-12 02:12:00','2015-01-12 02:12:00'),(6,'Chicken','2015-01-12 02:39:07','2015-01-12 02:39:07'),(7,'Soup','2015-03-13 03:21:10','2015-03-13 03:21:10'),(8,'Fish','2015-03-13 03:21:44','2015-03-13 03:21:44'),(9,'Rice','2015-03-13 03:23:30','2015-03-13 03:23:30'),(10,'Sauce','2015-03-13 03:29:58','2015-03-13 03:29:58'),(11,'Seafood','2015-03-16 08:03:11','2015-03-16 08:03:11');
/*!40000 ALTER TABLE `categories` ENABLE KEYS */;
UNLOCK TABLES;

--
-- Table structure for table `cms_users`
--

DROP TABLE IF EXISTS `cms_users`;
/*!40101 SET @saved_cs_client     = @@character_set_client */;
/*!40101 SET character_set_client = utf8 */;
CREATE TABLE `cms_users` (
  `id` int(10) unsigned NOT NULL AUTO_INCREMENT,
  `username` varchar(255) COLLATE utf8_unicode_ci NOT NULL,
  `password` varchar(255) COLLATE utf8_unicode_ci NOT NULL,
  `access_level` varchar(255) COLLATE utf8_unicode_ci NOT NULL,
  `name` varchar(255) COLLATE utf8_unicode_ci NOT NULL,
  `email` varchar(255) COLLATE utf8_unicode_ci NOT NULL,
  `remember_token` varchar(100) COLLATE utf8_unicode_ci DEFAULT NULL,
  `created_at` timestamp NOT NULL DEFAULT '0000-00-00 00:00:00',
  `updated_at` timestamp NOT NULL DEFAULT '0000-00-00 00:00:00',
  PRIMARY KEY (`id`)
) ENGINE=InnoDB AUTO_INCREMENT=4 DEFAULT CHARSET=utf8 COLLATE=utf8_unicode_ci;
/*!40101 SET character_set_client = @saved_cs_client */;

--
-- Dumping data for table `cms_users`
--

LOCK TABLES `cms_users` WRITE;
/*!40000 ALTER TABLE `cms_users` DISABLE KEYS */;
INSERT INTO `cms_users` VALUES (1,'admin','$2y$10$2oQSpNfnRIWHHd0bjih8reaEpi8grHStwywqLg/dCKmQWfSY6C/kq','super admin','Administrator','admin@admin.com','afxbg3UFmSnt6kufdEJvIKzAd4mJbr5bCFDMn41ej5TJPR4iAMbJfxg16Iax','2015-01-08 04:19:35','2015-03-17 02:24:17'),(2,'john','$2y$10$ukws4vx2eb4DciSkumXyYOBliSlc2p/y8nTaOBrODwNpKMIJMH8hK','admin','John Doe','superadmin@admin.com',NULL,'2015-01-08 04:19:36','2015-01-08 04:19:36'),(3,'admin@luckymenamnam.com.ph','$2y$10$pQA210V7TWaU0CzOvNOoReTSMDH14WqLhPj9lwpFP3NarnpdTbmAS','admin','Lucky Me Namnam Admin','admin@luckymenamnam.com.ph',NULL,'2015-03-26 00:15:19','2015-03-26 00:15:19');
/*!40000 ALTER TABLE `cms_users` ENABLE KEYS */;
UNLOCK TABLES;

--
-- Table structure for table `dear_bossing`
--

DROP TABLE IF EXISTS `dear_bossing`;
/*!40101 SET @saved_cs_client     = @@character_set_client */;
/*!40101 SET character_set_client = utf8 */;
CREATE TABLE `dear_bossing` (
  `id` int(10) unsigned NOT NULL AUTO_INCREMENT,
  `episode_id` int(11) NOT NULL,
  `title` varchar(255) COLLATE utf8_unicode_ci NOT NULL,
  `article` longtext COLLATE utf8_unicode_ci NOT NULL,
  `youtube_url` varchar(255) COLLATE utf8_unicode_ci NOT NULL,
  `is_active` tinyint(1) NOT NULL,
  `email_address` varchar(255) COLLATE utf8_unicode_ci NOT NULL,
  `created_at` timestamp NOT NULL DEFAULT '0000-00-00 00:00:00',
  `updated_at` timestamp NOT NULL DEFAULT '0000-00-00 00:00:00',
  PRIMARY KEY (`id`)
) ENGINE=InnoDB AUTO_INCREMENT=11 DEFAULT CHARSET=utf8 COLLATE=utf8_unicode_ci;
/*!40101 SET character_set_client = @saved_cs_client */;

--
-- Dumping data for table `dear_bossing`
--

LOCK TABLES `dear_bossing` WRITE;
/*!40000 ALTER TABLE `dear_bossing` DISABLE KEYS */;
INSERT INTO `dear_bossing` VALUES (1,1,'quis','King. \'I can\'t explain it,\' said the Hatter. \'You might just as she could not tell whether they were mine before. If I or she fell very slowly, for she felt very curious sensation, which puzzled her.','http://www.tremblay.org/qui-dolore-repellendus-sit-et-consequuntur-aliquam-incidunt',0,'cmoen@kirlin.com','0000-00-00 00:00:00','0000-00-00 00:00:00'),(2,2,'aut','So she stood looking at the flowers and the others all joined in chorus, \'Yes, please do!\' but the wise little Alice and all must have a prize herself, you know,\' said the Mock Turtle sighed deeply,.','http://hessel.com/soluta-saepe-eos-atque.html',0,'ena.moore@kshleringaylord.com','0000-00-00 00:00:00','0000-00-00 00:00:00'),(3,3,'quo','They had not as yet had any sense, they\'d take the hint; but the cook and the words don\'t FIT you,\' said the Queen, \'and he shall tell you how the game was in confusion, getting the Dormouse sulkily.','http://www.heathcote.com/provident-debitis-aut-velit-numquam-ullam-numquam-aut-sed',0,'bernadette68@gmail.com','0000-00-00 00:00:00','0000-00-00 00:00:00'),(4,4,'tempora','Alice: \'she\'s so extremely--\' Just then she walked off, leaving Alice alone with the bread-knife.\' The March Hare took the regular course.\' \'What was THAT like?\' said Alice. \'Who\'s making personal.','http://rathgrant.com/qui-in-quod-sit-eum-omnis-maiores-placeat',0,'fdickinson@ritchiecole.com','0000-00-00 00:00:00','0000-00-00 00:00:00'),(5,5,'debitis','Pigeon, raising its voice to its feet, ran round the neck of the fact. \'I keep them to sell,\' the Hatter continued, \'in this way:-- \"Up above the world go round!\"\' \'Somebody said,\' Alice whispered,.','https://www.greenfelderlebsack.com/cupiditate-eos-ut-cumque-molestiae-quisquam-dolores',1,'darrel.roberts@dibbert.com','0000-00-00 00:00:00','0000-00-00 00:00:00'),(6,6,'adipisci','The Panther took pie-crust, and gravy, and meat, While the Panther received knife and fork with a shiver. \'I beg your pardon,\' said Alice thoughtfully: \'but then--I shouldn\'t be hungry for it, you.','http://hilll.com/voluptate-inventore-eos-error-totam-praesentium.html',0,'hilpert.libby@gmail.com','0000-00-00 00:00:00','0000-00-00 00:00:00'),(7,7,'debitis','HIM TO YOU,\"\' said Alice. \'Anything you like,\' said the Duck. \'Found IT,\' the Mouse was swimming away from her as hard as she could. \'The game\'s going on rather better now,\' she said, \'and see.','http://www.rau.net/dolorem-iure-earum-totam',0,'libby.harris@flatley.com','0000-00-00 00:00:00','0000-00-00 00:00:00'),(8,8,'minus','Miss, we\'re doing our best, afore she comes, to--\' At this moment Alice appeared, she was not going to shrink any further: she felt that this could not remember the simple rules their friends had.','http://romaguera.com/molestiae-ut-deleniti-dolore-ut-omnis-eveniet-cumque',0,'rusty.abbott@yahoo.com','0000-00-00 00:00:00','0000-00-00 00:00:00'),(9,9,'amet','Hatter: \'as the things being alive; for instance, there\'s the arch I\'ve got back to my right size: the next question is, what did the Dormouse crossed the court, without even waiting to put it.','http://www.orn.com/corrupti-eveniet-molestiae-iusto-quia-et-est.html',0,'beahan.vickie@hotmail.com','0000-00-00 00:00:00','0000-00-00 00:00:00'),(10,10,'aut','Come on!\' So they sat down, and the reason is--\' here the Mock Turtle went on. \'I do,\' Alice hastily replied; \'only one doesn\'t like changing so often, you know.\' \'And what an ignorant little girl.','http://www.romagueraruecker.biz/modi-voluptate-ullam-accusantium-est-sequi.html',0,'gaylord.garry@rau.org','0000-00-00 00:00:00','0000-00-00 00:00:00');
/*!40000 ALTER TABLE `dear_bossing` ENABLE KEYS */;
UNLOCK TABLES;

--
-- Table structure for table `homepage_sliders`
--

DROP TABLE IF EXISTS `homepage_sliders`;
/*!40101 SET @saved_cs_client     = @@character_set_client */;
/*!40101 SET character_set_client = utf8 */;
CREATE TABLE `homepage_sliders` (
  `id` int(10) unsigned NOT NULL AUTO_INCREMENT,
  `slider_id` int(11) NOT NULL,
  `photo` varchar(255) COLLATE utf8_unicode_ci NOT NULL,
  `button1_url_copyline1` varchar(255) COLLATE utf8_unicode_ci NOT NULL,
  `button1_url_copyline2` varchar(255) COLLATE utf8_unicode_ci NOT NULL,
  `button1_fontcolor` varchar(255) COLLATE utf8_unicode_ci NOT NULL,
  `button1_bgcolor` varchar(255) COLLATE utf8_unicode_ci NOT NULL,
  `button1_url_bg` varchar(255) COLLATE utf8_unicode_ci NOT NULL,
  `button2_url_copyline1` varchar(255) COLLATE utf8_unicode_ci NOT NULL,
  `button2_url_copyline2` varchar(255) COLLATE utf8_unicode_ci NOT NULL,
  `button2_fontcolor` varchar(255) COLLATE utf8_unicode_ci NOT NULL,
  `button2_bgcolor` varchar(255) COLLATE utf8_unicode_ci NOT NULL,
  `button2_url_bg` varchar(255) COLLATE utf8_unicode_ci NOT NULL,
  `bg_video_url` varchar(255) COLLATE utf8_unicode_ci NOT NULL,
  `content_type` varchar(255) COLLATE utf8_unicode_ci NOT NULL,
  `created_at` timestamp NOT NULL DEFAULT '0000-00-00 00:00:00',
  `updated_at` timestamp NOT NULL DEFAULT '0000-00-00 00:00:00',
  PRIMARY KEY (`id`)
) ENGINE=InnoDB AUTO_INCREMENT=4 DEFAULT CHARSET=utf8 COLLATE=utf8_unicode_ci;
/*!40101 SET character_set_client = @saved_cs_client */;

--
-- Dumping data for table `homepage_sliders`
--

LOCK TABLES `homepage_sliders` WRITE;
/*!40000 ALTER TABLE `homepage_sliders` DISABLE KEYS */;
INSERT INTO `homepage_sliders` VALUES (1,1,'website/assets/img/slider-img1.jpg','Original NamNam Recipes','Click here!','','','/#recipe','Tomato NamNam Recipes','Click here!','','','/#recipe','','Image','0000-00-00 00:00:00','2015-01-11 21:32:50'),(2,2,'','','','','','','','','','','','NNv4v5Io-50','Video','0000-00-00 00:00:00','2015-01-11 21:34:18');
/*!40000 ALTER TABLE `homepage_sliders` ENABLE KEYS */;
UNLOCK TABLES;

--
-- Table structure for table `ingredients`
--

DROP TABLE IF EXISTS `ingredients`;
/*!40101 SET @saved_cs_client     = @@character_set_client */;
/*!40101 SET character_set_client = utf8 */;
CREATE TABLE `ingredients` (
  `id` int(10) unsigned NOT NULL AUTO_INCREMENT,
  `recipe_id` varchar(255) COLLATE utf8_unicode_ci NOT NULL,
  `qty` varchar(255) COLLATE utf8_unicode_ci NOT NULL,
  `name` varchar(255) COLLATE utf8_unicode_ci NOT NULL,
  `created_at` timestamp NOT NULL DEFAULT '0000-00-00 00:00:00',
  `updated_at` timestamp NOT NULL DEFAULT '0000-00-00 00:00:00',
  PRIMARY KEY (`id`)
) ENGINE=InnoDB AUTO_INCREMENT=790 DEFAULT CHARSET=utf8 COLLATE=utf8_unicode_ci;
/*!40101 SET character_set_client = @saved_cs_client */;

--
-- Dumping data for table `ingredients`
--

LOCK TABLES `ingredients` WRITE;
/*!40000 ALTER TABLE `ingredients` DISABLE KEYS */;
INSERT INTO `ingredients` VALUES (1,'2','255 grams','dried spaghetti','2015-01-11 19:33:02','2015-01-11 19:33:02'),(2,'2','100 grams','bacon','2015-01-11 19:33:25','2015-01-11 19:33:25'),(3,'2','255 grams','beef - ground','2015-01-11 19:33:42','2015-01-11 19:33:42'),(4,'2','1 small','onion finely diced','2015-01-11 19:33:59','2015-01-11 19:33:59'),(5,'2','1/2 small','carrot peeled and grated','2015-01-11 19:34:15','2015-01-11 19:34:15'),(6,'2','2 cloves','garlic finely minced','2015-01-11 19:34:33','2015-01-11 19:34:33'),(7,'2','1/2 cup','dry white wine','2015-01-11 19:34:42','2015-01-11 19:34:42'),(8,'2','400 grams',' canned whole tomatoes','2015-01-11 19:34:53','2015-01-11 19:34:53'),(9,'2','2 tablespoons',' ketchup','2015-01-11 19:35:05','2015-01-11 19:35:05'),(10,'2','1/2 teaspoon',' salt','2015-01-11 19:35:16','2015-01-11 19:35:16'),(11,'2','1/4 teaspoon',' black pepper','2015-01-11 19:35:24','2015-01-11 19:35:24'),(12,'2','1 teaspoon',' oregano','2015-01-11 19:35:49','2015-01-11 19:35:49'),(13,'3','3 tbsp','Cooking Oil','2015-01-12 02:06:26','2015-01-12 02:06:26'),(14,'3','1 pc (120 grams)','Potato','2015-01-12 02:06:38','2015-01-12 02:06:38'),(15,'3','4 tsp','Liver Spread','2015-01-12 02:06:49','2015-01-12 02:06:49'),(16,'3','2 cups','Water','2015-01-12 02:06:59','2015-01-12 02:06:59'),(17,'3','½ kg','Beef Brisket','2015-01-12 02:07:16','2015-01-12 02:07:16'),(18,'3','1 pc','Siling Labuyo','2015-01-12 02:07:24','2015-01-12 02:07:24'),(19,'3','1 tbsp','Cheese','2015-01-12 02:07:38','2015-01-12 02:07:38'),(20,'3','1 pc (medium)','Red Bell Pepper','2015-01-12 02:07:53','2015-01-12 02:07:53'),(21,'3','½ cup','Green Peas','2015-01-12 02:08:04','2015-01-12 02:08:04'),(22,'3','1 pouch (80 grams)','caldereta sauce','2015-01-12 02:08:42','2015-01-12 02:08:42'),(23,'4','200 grams','Ground Pork','2015-01-12 02:13:51','2015-01-12 02:13:51'),(24,'4','100 grams','Carrots','2015-01-12 02:14:05','2015-01-12 02:14:05'),(25,'4','Potato','200 grams','2015-01-12 02:14:18','2015-01-12 02:14:18'),(26,'4','¼ cup','Raisins','2015-01-12 02:14:31','2015-01-12 02:14:31'),(27,'4','⅓ cup','Green Peas','2015-01-12 02:14:41','2015-01-12 02:14:41'),(28,'4','3 pcs (medium ripe)','Saba','2015-01-12 02:14:53','2015-01-12 02:14:53'),(29,'4','1','Egg','2015-01-12 02:15:09','2015-01-12 02:15:09'),(30,'4','1 pouch (80 grams)','Menudo Sauce','2015-01-12 02:15:28','2015-01-12 02:15:28'),(31,'5','3 tbsp','Olive Oil','2015-01-12 02:21:30','2015-01-12 02:21:30'),(32,'5','8 cloves','Garlic','2015-01-12 02:21:41','2015-01-12 02:21:41'),(33,'5','1 pc (large)','Onion','2015-01-12 02:21:52','2015-01-12 02:21:52'),(34,'5','100 grams','Carrots','2015-01-12 02:22:06','2015-01-12 02:22:06'),(35,'5','100 grams','Shrimps','2015-01-12 02:22:16','2015-01-12 02:22:16'),(36,'5','¼ kg','Squid','2015-01-12 02:22:25','2015-01-12 02:22:25'),(37,'5','150 grams','Fish Fillet','2015-01-12 02:22:33','2015-01-12 02:22:33'),(38,'5','¼ cup','Basil Leaves','2015-01-12 02:22:41','2015-01-12 02:22:41'),(39,'5','2 tsp','Calamansi Juice','2015-01-12 02:23:01','2015-01-12 02:23:01'),(40,'5','½ cup','Cheese','2015-01-12 02:23:16','2015-01-12 02:23:16'),(41,'5','400 grams','Spaghetti','2015-01-12 02:23:34','2015-01-12 02:23:34'),(42,'5','560 grams','Spaghetti Sauce','2015-01-12 02:23:51','2015-01-12 02:23:51'),(43,'6','6 cloves','Garlic','2015-01-12 02:27:19','2015-01-12 02:27:19'),(44,'6','1 pc (medium)','Onion','2015-01-12 02:27:43','2015-01-12 02:27:43'),(45,'6','3 tbsp','Butter','2015-01-12 02:27:56','2015-01-12 02:27:56'),(46,'6','150 grams','Chicken Breast Fillet','2015-01-12 02:28:09','2015-01-12 02:28:09'),(47,'6','½ cup','Canned Button Mushroom','2015-01-12 02:28:18','2015-01-12 02:28:18'),(48,'6','1½ pc','Chicken Bouillon Cube','2015-01-12 02:28:33','2015-01-12 02:28:33'),(49,'6','1½ tbsp','All-Purpose Flour','2015-01-12 02:28:42','2015-01-12 02:28:42'),(50,'6','⅓ cup','Squash','2015-01-12 02:28:49','2015-01-12 02:28:49'),(51,'6','½ tsp','Dried Basil','2015-01-12 02:28:59','2015-01-12 02:28:59'),(52,'6','⅓ cup	','Frozen Mixed Vegetables','2015-01-12 02:29:08','2015-01-12 02:29:08'),(53,'6','250 grams','Salad Macaroni','2015-01-12 02:29:24','2015-01-12 02:29:24'),(54,'6','250 grams','italian style spaghetti sauce','2015-01-12 02:29:43','2015-01-12 02:29:43'),(55,'6','250 grams','italian style spaghetti sauce','2015-01-12 02:29:43','2015-01-12 02:29:43'),(56,'7','1 ¼ kg','Pork Ribs/Belly','2015-01-12 02:34:04','2015-01-12 02:34:04'),(57,'7','1 pc (medium)','Onion','2015-01-12 02:34:16','2015-01-12 02:34:16'),(58,'7','3 cloves','Garlic','2015-01-12 02:34:24','2015-01-12 02:34:24'),(59,'7','¼ cup','Brown Sugar','2015-01-12 02:34:36','2015-01-12 02:34:36'),(60,'7','1½ tbsp','Soy Sauce','2015-01-12 02:34:44','2015-01-12 02:34:44'),(61,'7','1 tbsp','Calamansi Juice','2015-01-12 02:34:55','2015-01-12 02:34:55'),(62,'7','¼ cup','Prepared Yellow Mustard	','2015-01-12 02:35:06','2015-01-12 02:35:06'),(63,'7','1 stalk	','Leeks','2015-01-12 02:35:14','2015-01-12 02:35:14'),(64,'7','115 grams','Tomato Sauce','2015-01-12 02:35:31','2015-01-12 02:35:31'),(65,'7','115 grams','Pineapple tidbits','2015-01-12 02:35:49','2015-01-12 02:35:49'),(66,'7','2 tbsp','Sweet Chili Sauce','2015-01-12 02:36:09','2015-01-12 02:36:09'),(67,'8','1 pc (whole)','Chicken Meat','2015-01-12 02:40:55','2015-01-12 02:40:55'),(68,'8','1 pc (medium)	','Onion','2015-01-12 02:41:05','2015-01-12 02:41:05'),(69,'8','2 tsp	','Iodized Fine Salt','2015-01-12 02:41:14','2015-01-12 02:41:14'),(70,'8','1 tsp','Black Pepper','2015-01-12 02:41:28','2015-01-12 02:41:28'),(71,'8','50 grams','Ginger','2015-01-12 02:41:39','2015-01-12 02:41:39'),(72,'8','2 pouches (115 grams each)','Pineapple tidbits','2015-01-12 02:41:55','2015-01-12 02:41:55'),(73,'9','200 grams','Potato','2015-01-12 02:46:33','2015-01-12 02:46:33'),(74,'9','300 grams','Carrots','2015-01-12 02:46:45','2015-01-12 02:46:45'),(75,'9','3 cloves','Garlic','2015-01-12 02:46:55','2015-01-12 02:46:55'),(76,'9','1 pc (large)','Onion','2015-01-12 02:47:06','2015-01-12 02:47:06'),(77,'9','1 kg','Chicken Meat','2015-01-12 02:47:17','2015-01-12 02:47:17'),(78,'9','1 cup','Fresh Coconut Milk','2015-01-12 02:47:25','2015-01-12 02:47:25'),(79,'9','1 pc (small)','Red Bell Pepper','2015-01-12 02:47:34','2015-01-12 02:47:34'),(80,'9','1 pc	','Siling Labuyo','2015-01-12 02:47:45','2015-01-12 02:47:45'),(81,'9','1 pack (20 grams)','Curry Mix','2015-01-12 02:48:11','2015-01-12 02:48:11'),(82,'10','¼ kg','Chicken Thigh','2015-01-12 02:50:37','2015-01-12 02:50:37'),(83,'10','¼ kg','Chicken Leg','2015-01-12 02:50:47','2015-01-12 02:50:47'),(84,'10','1 pc (medium)	','Onion','2015-01-12 02:50:57','2015-01-12 02:50:57'),(85,'10','1 tbsp','Ginger Strips','2015-01-12 02:51:06','2015-01-12 02:51:06'),(86,'10','1½ tbsp','Patis','2015-01-12 02:51:17','2015-01-12 02:51:17'),(87,'10','1 cup','Sitaw','2015-01-12 02:51:28','2015-01-12 02:51:28'),(88,'10','1 pc','Siling Haba','2015-01-12 02:51:42','2015-01-12 02:51:42'),(89,'10','200 grams','Banana Heart','2015-01-12 02:51:58','2015-01-12 02:51:58'),(90,'10','200 grams','Banana Heart','2015-01-12 02:51:58','2015-01-12 02:51:58'),(91,'10','150 grams','Cabbage','2015-01-12 02:52:12','2015-01-12 02:52:12'),(92,'10','150 grams','Cabbage','2015-01-12 02:52:13','2015-01-12 02:52:13'),(93,'10','1½ tbsp	','Sinigang Mix Powder','2015-01-12 02:52:21','2015-01-12 02:52:21'),(94,'10','200 grams','Tomato Sauce','2015-01-12 02:52:37','2015-01-12 02:52:37'),(95,'11','6 cups','water','2015-03-13 03:43:29','2015-03-13 03:43:29'),(96,'11','1/2 kilo','beef','2015-03-13 03:43:53','2015-03-13 03:43:53'),(97,'11','2 small pcs','potatoes, quartered','2015-03-13 03:44:16','2015-03-13 03:44:16'),(98,'11','1 small pc','onion','2015-03-13 03:44:29','2015-03-13 03:44:29'),(99,'11','2 tbsps','chopped ginger','2015-03-13 03:44:55','2015-03-13 03:44:55'),(100,'11','1 tsp','peppercorn','2015-03-13 03:45:06','2015-03-13 03:45:06'),(101,'11','2 tbsps','patis','2015-03-13 03:45:19','2015-03-13 03:45:19'),(102,'11','1 cup','chopped cabbage','2015-03-13 03:45:29','2015-03-13 03:45:29'),(103,'11','1 cup','sliced baguio beans','2015-03-13 03:45:42','2015-03-13 03:45:42'),(104,'11','2 packs','Lucky Me! NamNam Original 8g pepper to taste','2015-03-13 03:46:07','2015-03-13 03:46:07'),(105,'12','5 cups','water','2015-03-13 03:49:09','2015-03-13 03:49:09'),(106,'12','1/2 cup','quartered onion','2015-03-13 03:49:22','2015-03-13 03:49:22'),(107,'12','1/2 cup','quartered tomato','2015-03-13 03:49:35','2015-03-13 03:49:35'),(108,'12','1/8 cup','sliced ginger','2015-03-13 03:50:34','2015-03-13 03:50:34'),(109,'12','1/2 kilo','sliced tuna','2015-03-13 03:50:49','2015-03-13 03:50:49'),(110,'12','1/2 cup','chopped spring onion','2015-03-13 03:51:02','2015-03-13 03:51:02'),(111,'12','3 stalks','lemon grass','2015-03-13 03:51:25','2015-03-13 03:51:25'),(112,'12','1 1/2 tbsps','patis','2015-03-13 03:51:50','2015-03-13 03:51:50'),(113,'12','1 cup','malunggay','2015-03-13 03:52:07','2015-03-13 03:52:07'),(114,'12','1 pack','Lucky Me! NamNam Original 8g','2015-03-13 03:52:24','2015-03-13 03:52:24'),(115,'13','1/8 cup','cooking oil','2015-03-13 04:01:48','2015-03-13 04:01:48'),(116,'13','2 tbsps','chopped garlic','2015-03-13 04:02:07','2015-03-13 04:02:07'),(117,'13','2 tbsps','chopped onion','2015-03-13 04:02:17','2015-03-13 04:02:17'),(118,'13','1/2 cup','hipon pangsahog (optional)','2015-03-13 04:02:33','2015-03-13 04:02:33'),(119,'13','2 cups','sliced sayote','2015-03-13 04:02:43','2015-03-13 04:02:43'),(120,'13','2 cups','sliced carrots','2015-03-13 04:02:54','2015-03-13 04:02:54'),(121,'13','3 1/2 cups','water','2015-03-13 04:03:10','2015-03-13 04:03:10'),(122,'13','1/8 cup','soy sauce','2015-03-13 04:03:33','2015-03-13 04:03:33'),(123,'13','1/8 cup','wansoy','2015-03-13 04:03:48','2015-03-13 04:03:48'),(124,'13','4 packs','Lucky Me! NamNam Original 8g','2015-03-13 04:04:03','2015-03-13 04:04:03'),(125,'13','2 cups','sweet pea (tsitsaro)','2015-03-13 04:04:15','2015-03-13 04:04:15'),(126,'13','2 cups','shredded cabbage','2015-03-13 04:04:26','2015-03-13 04:04:26'),(127,'13','250	grams','bihon noodles','2015-03-13 04:04:39','2015-03-13 04:04:39'),(128,'14','1/8 cup','cooking oil','2015-03-13 04:11:26','2015-03-13 04:11:26'),(129,'14','1/4 cup','chopped onion','2015-03-13 04:11:36','2015-03-13 04:11:36'),(130,'14','1 tbsp','chopped garlic','2015-03-13 04:12:06','2015-03-13 04:12:06'),(131,'14','1/4 cup','ground pork','2015-03-13 04:12:21','2015-03-13 04:12:21'),(132,'14','4 cups','sliced sayote','2015-03-13 04:12:33','2015-03-13 04:12:33'),(133,'14','1 cup','sliced carrots','2015-03-13 04:12:43','2015-03-13 04:12:43'),(134,'14','1 cup','kamote tops','2015-03-13 04:13:00','2015-03-13 04:13:00'),(135,'14','2 packs','Lucky Me! NamNam Original 8g','2015-03-13 04:13:21','2015-03-13 04:13:21'),(136,'15','1/3 cup','chopped garlic','2015-03-13 04:16:15','2015-03-13 04:16:15'),(137,'15','1 cup','vinegar','2015-03-13 04:16:28','2015-03-13 04:16:28'),(138,'15','2 packs','Lucky Me! NamNam Original 8g','2015-03-13 04:16:43','2015-03-13 04:16:43'),(139,'15','1 kilo','liempong pang ihaw','2015-03-13 04:17:06','2015-03-13 04:17:06'),(140,'15','1/2 cup','vinegar','2015-03-13 04:17:33','2015-03-13 04:17:33'),(141,'15','1/2 tbsp','chopped garlic','2015-03-13 04:17:56','2015-03-13 04:17:56'),(142,'15','1/2 tbsp','chopped onion','2015-03-13 04:18:10','2015-03-13 04:18:10'),(143,'15','1/2 tsp','chopped siling labuyo','2015-03-13 04:18:33','2015-03-13 04:18:33'),(144,'15','1 pack','Lucky Me! NamNam Original 4g','2015-03-13 04:18:47','2015-03-13 04:18:47'),(145,'16','2 tbsps','cooking oil','2015-03-13 04:32:58','2015-03-13 04:32:58'),(146,'16','1 tbsp','chopped garlic','2015-03-13 04:34:36','2015-03-13 04:34:36'),(147,'16','2 tbsps','chopped onion','2015-03-13 04:38:08','2015-03-13 04:38:08'),(148,'16','2 tbsps','chopped ginger','2015-03-13 04:38:21','2015-03-13 04:38:21'),(149,'16','1/2 cup','uncooked malagkit rice','2015-03-13 04:38:34','2015-03-13 04:38:34'),(150,'16','1/2 cup','uncooked rice','2015-03-13 04:38:53','2015-03-13 04:38:53'),(151,'16','10 1/3 cups','Water','2015-03-13 05:55:05','2015-03-13 05:55:05'),(152,'16','1 tbsp','Kasubha','2015-03-13 05:55:14','2015-03-13 05:55:14'),(153,'16','3 packs','Lucky Me! NamNam Original 8g','2015-03-13 05:55:24','2015-03-13 05:55:24'),(154,'17','1 kilo','jumbo potatoes','2015-03-13 06:09:40','2015-03-13 06:09:40'),(155,'17','2 packs','Lucky Me! NamNam Original 8g','2015-03-13 06:10:02','2015-03-13 06:10:02'),(156,'17','','oil for frying','2015-03-13 06:10:17','2015-03-13 06:10:17'),(157,'17','','dash of pepper','2015-03-13 06:10:25','2015-03-13 06:10:25'),(158,'17','','dash of dried parsley','2015-03-13 06:10:33','2015-03-13 06:10:33'),(159,'18','1/4 cup','cooking oil','2015-03-13 06:33:50','2015-03-13 06:33:50'),(160,'18','1/3 cup','chopped tuyo','2015-03-13 06:34:07','2015-03-13 06:34:07'),(161,'18','2 tbsps','chopped garlic','2015-03-13 06:34:18','2015-03-13 06:34:18'),(162,'18','4 1/3 cups','cooked rice','2015-03-13 06:36:26','2015-03-13 06:36:26'),(163,'18','2 pcs','eggs, scrambled','2015-03-13 06:36:51','2015-03-13 06:36:51'),(164,'18','2 packs','Lucky Me! NamNam Original 8g','2015-03-13 06:39:16','2015-03-13 06:39:16'),(165,'18','1/8 cup','chopped spring onion','2015-03-13 06:39:31','2015-03-13 06:39:31'),(166,'19','1/8 cup','cooking oil','2015-03-13 06:43:24','2015-03-13 06:43:24'),(167,'19','1 Tbsp','chopped garlic','2015-03-13 06:43:34','2015-03-13 06:43:34'),(168,'19','2 Tbsps','chopped onion','2015-03-13 06:45:06','2015-03-13 06:45:06'),(169,'19','3 cups','chicken pieces','2015-03-13 06:45:23','2015-03-13 06:45:23'),(170,'19','1/4 cup','soy sauce','2015-03-13 06:47:58','2015-03-13 06:47:58'),(171,'19','1/2 tsp','peppercorn','2015-03-13 06:48:11','2015-03-13 06:48:11'),(172,'19','1/8 cup','vinegar','2015-03-13 06:48:33','2015-03-13 06:48:33'),(173,'19','1 cup','gata','2015-03-13 06:48:47','2015-03-13 06:48:47'),(174,'19','1 tsp','sugar','2015-03-13 06:52:45','2015-03-13 06:52:45'),(175,'19','1 pc','red chili','2015-03-13 06:52:53','2015-03-13 06:52:53'),(176,'19','1 pack','Lucky Me! NamNam Original 4g','2015-03-13 06:56:31','2015-03-13 06:56:31'),(177,'20','1/8 cup','cooking oil','2015-03-13 07:04:02','2015-03-13 07:04:02'),(178,'20','1 Tbsp','chopped garlic','2015-03-13 07:05:03','2015-03-13 07:05:03'),(179,'20','2 Tbsps','chopped onion','2015-03-13 07:05:17','2015-03-13 07:05:17'),(180,'20','1 cup','chopped squash','2015-03-13 07:05:27','2015-03-13 07:05:27'),(181,'20','1 cup','chopped string beans','2015-03-13 07:05:38','2015-03-13 07:05:38'),(182,'20','1/2 cup','sliced okra','2015-03-13 07:06:14','2015-03-13 07:06:14'),(183,'20','1/2 cup','sliced eggplant','2015-03-13 07:06:29','2015-03-13 07:06:29'),(184,'20','1/2 cup','sliced ampalaya','2015-03-13 07:06:42','2015-03-13 07:06:42'),(185,'20','2 1/2 tbsps','bagoong','2015-03-13 07:06:54','2015-03-13 07:06:54'),(186,'20','1/2 cup','water','2015-03-13 07:08:20','2015-03-13 07:08:20'),(187,'20','1 pack','Lucky Me! NamNam Original 8g','2015-03-13 07:09:32','2015-03-13 07:09:32'),(188,'20','1/2 cup','crushed chicharon','2015-03-13 07:09:46','2015-03-13 07:09:46'),(189,'21','1/8 cup','cooking oil','2015-03-16 02:36:12','2015-03-16 02:36:12'),(190,'21','1 tbsp','chopped garlic','2015-03-16 02:36:23','2015-03-16 02:36:23'),(191,'21','2 tbsps','chopped onion','2015-03-16 02:36:36','2015-03-16 02:36:36'),(192,'21','2 tbsps','chopped ginger','2015-03-16 02:36:49','2015-03-16 02:36:49'),(193,'21','3 cups','chicken pieces','2015-03-16 02:37:05','2015-03-16 02:37:05'),(194,'21','1 3/4 cup','gata','2015-03-16 02:37:16','2015-03-16 02:37:16'),(195,'21','2 1/2 tbsps','curry powder','2015-03-16 02:37:26','2015-03-16 02:37:26'),(196,'21','1 1/2 tbsps','patis','2015-03-16 02:37:36','2015-03-16 02:37:36'),(197,'21','1/2 cup','water','2015-03-16 02:38:42','2015-03-16 02:38:42'),(198,'21','1/2 cup','quartered potato','2015-03-16 02:38:58','2015-03-16 02:38:58'),(199,'21','1/2 cup','cubed carrots','2015-03-16 02:40:34','2015-03-16 02:40:34'),(200,'21','1/4 cup','cubed bell pepper','2015-03-16 02:40:53','2015-03-16 02:40:53'),(201,'21','1 pack','Lucky Me! NamNam Original 8g','2015-03-16 02:42:03','2015-03-16 02:42:03'),(202,'22','1/8 cup','cooking oil','2015-03-16 02:51:08','2015-03-16 02:51:08'),(203,'22','1 tbsp','chopped garlic','2015-03-16 02:51:25','2015-03-16 02:51:25'),(204,'22','2 tbsps','chopped onion','2015-03-16 02:51:41','2015-03-16 02:51:41'),(205,'22','1/2 kilo','pork (menudo cut)','2015-03-16 02:52:03','2015-03-16 02:52:03'),(206,'22','2 cups','water','2015-03-16 02:52:15','2015-03-16 02:52:15'),(207,'22','1 pc','bay leaf','2015-03-16 02:52:33','2015-03-16 02:52:33'),(208,'22','1 tbsp','patis','2015-03-16 02:52:50','2015-03-16 02:52:50'),(209,'22','1/2 cup','cubed potato','2015-03-16 02:53:16','2015-03-16 02:53:16'),(210,'22','1/2 cup','cubed carrots','2015-03-16 02:53:33','2015-03-16 02:53:33'),(211,'22','1/2 cup','cubed bell pepper','2015-03-16 02:53:48','2015-03-16 02:53:48'),(212,'22','1/4 cup','raisins','2015-03-16 02:54:08','2015-03-16 02:54:08'),(213,'22','1 cup','tomato sauce','2015-03-16 02:54:20','2015-03-16 02:54:20'),(214,'22','1/2 tbsp','sugar','2015-03-16 02:54:36','2015-03-16 02:54:36'),(215,'22','1 pack','Lucky Me! NamNam Original 8g','2015-03-16 02:54:46','2015-03-16 02:54:46'),(216,'23','1/8 cup','cooking oil','2015-03-16 03:02:09','2015-03-16 03:02:09'),(217,'23','1 tbsp','chopped garlic','2015-03-16 03:02:26','2015-03-16 03:02:26'),(218,'23','2 tbsps','chopped onion','2015-03-16 03:02:38','2015-03-16 03:02:38'),(219,'23','1/2 kilo','pork liempo cut, sliced into small strips','2015-03-16 03:02:54','2015-03-16 03:02:54'),(220,'23','1 cup','Water','2015-03-16 03:03:06','2015-03-16 03:03:06'),(221,'23','1/3 cup','soy sauce','2015-03-16 03:03:28','2015-03-16 03:03:28'),(222,'23','1/4 cup','Vinegar','2015-03-16 03:03:45','2015-03-16 03:03:45'),(223,'23','1/4 cup','Sugar','2015-03-16 03:03:58','2015-03-16 03:03:58'),(224,'23','1/2 tbsp','black beans','2015-03-16 03:04:11','2015-03-16 03:04:11'),(225,'23','1 pc','star anise','2015-03-16 03:04:22','2015-03-16 03:04:22'),(226,'23','1 pack','Lucky Me! NamNam Original 4g','2015-03-16 03:04:34','2015-03-16 03:04:34'),(227,'24','1/2 kilo','beef strips','2015-03-16 03:10:50','2015-03-16 03:10:50'),(228,'24','3 cups','water','2015-03-16 03:11:06','2015-03-16 03:11:06'),(229,'24','1/8 cup','Cooking oil','2015-03-16 03:11:19','2015-03-16 03:11:19'),(230,'24','1 tbsp','chopped garlic','2015-03-16 03:11:36','2015-03-16 03:11:36'),(231,'24','2 tbsps','chopped onion','2015-03-16 03:11:50','2015-03-16 03:11:50'),(232,'24','1/2 cup','sliced mushroom','2015-03-16 03:12:04','2015-03-16 03:12:04'),(233,'24','2 tbsp','butter','2015-03-16 03:12:13','2015-03-16 03:12:13'),(234,'24','1 cup','all-purpose cream','2015-03-16 03:12:24','2015-03-16 03:12:24'),(235,'24','1/4 cup','grated cheese','2015-03-16 03:12:38','2015-03-16 03:12:38'),(236,'24','1/8 cup','soy sauce','2015-03-16 03:12:50','2015-03-16 03:12:50'),(237,'24','1 pack','Lucky Me! NamNam Original 4g','2015-03-16 03:13:03','2015-03-16 03:13:03'),(238,'25',' 1/2	kilo','beef cubes','2015-03-16 03:17:01','2015-03-16 03:17:01'),(239,'25','4 cups','water','2015-03-16 03:17:15','2015-03-16 03:17:15'),(240,'25','1/8 cup','Cooking oil','2015-03-16 03:17:26','2015-03-16 03:17:26'),(241,'25','1 tbsp','chopped garlic','2015-03-16 03:18:18','2015-03-16 03:18:18'),(242,'25','2 tbsps','chopped onion','2015-03-16 03:23:59','2015-03-16 03:23:59'),(243,'25','2 tbsps','soy sauce','2015-03-16 03:24:13','2015-03-16 03:24:13'),(244,'25','1/2 cup','cubed potato','2015-03-16 03:26:13','2015-03-16 03:26:13'),(245,'25','1/4 cup','peas','2015-03-16 03:27:36','2015-03-16 03:27:36'),(246,'25','1/2 cup','tomato sauce','2015-03-16 03:27:46','2015-03-16 03:27:46'),(247,'25','2 tbsp','liver spread','2015-03-16 03:27:56','2015-03-16 03:27:56'),(248,'25','1/2 tsp','sugar','2015-03-16 03:28:54','2015-03-16 03:28:54'),(249,'25','1/2 cup','grated cheese','2015-03-16 03:38:39','2015-03-16 03:38:39'),(250,'25','1 pc','red chili','2015-03-16 03:39:02','2015-03-16 03:39:02'),(251,'25','1/3 cup','cubed bell pepper','2015-03-16 03:39:13','2015-03-16 03:39:13'),(252,'25','1 pack','Lucky Me! NamNam Original 8g','2015-03-16 03:39:23','2015-03-16 03:39:23'),(253,'26','1/2 kilo','pork cubes','2015-03-16 03:43:38','2015-03-16 03:43:38'),(254,'26','7 cups','water','2015-03-16 03:43:51','2015-03-16 03:43:51'),(255,'26','2 medium pcs','onions, cubed','2015-03-16 03:44:07','2015-03-16 03:44:07'),(256,'26','2 medium pcs','tomatoes, cubed','2015-03-16 03:45:19','2015-03-16 03:45:19'),(257,'26','1 1/2 pack','sinigang mix 14 g','2015-03-16 03:45:33','2015-03-16 03:45:33'),(258,'26','1/2 cup','chopped string beans','2015-03-16 03:45:52','2015-03-16 03:45:52'),(259,'26','1 cup','sliced eggplant','2015-03-16 03:46:04','2015-03-16 03:46:04'),(260,'26','1/2 cup','sliced okra','2015-03-16 03:46:17','2015-03-16 03:46:17'),(261,'26','1/2 cup','chopped gabi','2015-03-16 03:46:33','2015-03-16 03:46:33'),(262,'26','1 pc','sili sigang','2015-03-16 03:46:44','2015-03-16 03:46:44'),(263,'26','1 cup','chopped kangkong','2015-03-16 03:46:54','2015-03-16 03:46:54'),(264,'26','2 tbsps','patis','2015-03-16 03:47:07','2015-03-16 03:47:07'),(265,'26','1 pack','Lucky Me! NamNam Original 8g','2015-03-16 03:47:21','2015-03-16 03:47:21'),(266,'27','1/2 kilo','beef cubes','2015-03-16 04:13:15','2015-03-16 04:13:15'),(267,'27','1/2 kilo','beef cubes','2015-03-16 04:13:15','2015-03-16 04:13:15'),(268,'27','1/3 kilo','tripe, sliced','2015-03-16 04:13:36','2015-03-16 04:13:36'),(269,'27','10 cups','Water','2015-03-16 04:13:48','2015-03-16 04:13:48'),(270,'27','1/4 cup','atsuete oil','2015-03-16 04:14:02','2015-03-16 04:14:02'),(272,'27','1 tbsp','chopped garlic','2015-03-16 04:16:14','2015-03-16 04:16:14'),(273,'27','2 tbsps','chopped onion','2015-03-16 04:16:27','2015-03-16 04:16:27'),(274,'27','4 cups','water (from boiling beef)','2015-03-16 04:16:49','2015-03-16 04:16:49'),(275,'27','1 1/2 cup','peanuts, toasted and blended','2015-03-16 04:17:01','2015-03-16 04:17:01'),(276,'27','1/4 cup','Bagoong','2015-03-16 04:17:16','2015-03-16 04:17:16'),(277,'27','3/4 cup','peanut butter','2015-03-16 04:18:54','2015-03-16 04:18:54'),(278,'27','1 pack','Lucky Me! NamNam Original 8g','2015-03-16 04:19:10','2015-03-16 04:19:10'),(279,'27','1/2 cup','sliced string beans','2015-03-16 04:19:25','2015-03-16 04:19:25'),(280,'27','1/2 cup','sliced eggplant','2015-03-16 04:19:46','2015-03-16 04:19:46'),(281,'27','1 cup','sliced pechay','2015-03-16 04:20:00','2015-03-16 04:20:00'),(282,'27','1/2 cup','sliced banana heart','2015-03-16 04:20:11','2015-03-16 04:20:11'),(283,'28','1 1/2 cup','chopped bacon','2015-03-16 04:30:16','2015-03-16 04:30:16'),(284,'28','1 tbsp','butter','2015-03-16 04:30:26','2015-03-16 04:30:26'),(285,'28','1 tbsp','chopped garlic','2015-03-16 04:30:47','2015-03-16 04:30:47'),(286,'28','4 tbsps','chopped white onion','2015-03-16 04:30:59','2015-03-16 04:30:59'),(287,'28','1 cup','cubed ham','2015-03-16 04:31:13','2015-03-16 04:31:13'),(288,'28','1 tsp','dried basil','2015-03-16 04:31:24','2015-03-16 04:31:24'),(289,'28','1 tsp','dried oregano','2015-03-16 04:31:48','2015-03-16 04:31:48'),(290,'28','1 1/2 cups','all-purpose cream','2015-03-16 04:32:02','2015-03-16 04:32:02'),(291,'28','1/2 cup','water','2015-03-16 04:32:19','2015-03-16 04:32:19'),(292,'28','1/4 cup','parmesan cheese','2015-03-16 04:32:50','2015-03-16 04:32:50'),(293,'28','1/2 cup','sliced mushrooms','2015-03-16 04:33:11','2015-03-16 04:33:11'),(294,'28','1 pack','Lucky Me! NamNam Original 4g','2015-03-16 04:33:33','2015-03-16 04:33:33'),(295,'28','200	grams','pasta noodles, prepared according to package instructions','2015-03-16 04:33:45','2015-03-16 04:33:45'),(296,'29','1/8 cup','cooking oil','2015-03-16 04:36:04','2015-03-16 04:36:04'),(297,'29','1 tbsp','chopped garlic','2015-03-16 04:36:17','2015-03-16 04:36:17'),(298,'29','2 tbsps','chopped onion','2015-03-16 04:36:30','2015-03-16 04:36:30'),(299,'29','1/2 cup','cubed ham','2015-03-16 04:36:42','2015-03-16 04:36:42'),(300,'29','1 cup','diced chicken','2015-03-16 04:36:57','2015-03-16 04:36:57'),(301,'29','1/4 cup','chopped celery','2015-03-16 04:37:10','2015-03-16 04:37:10'),(302,'29','1/2 cup','shredded cabbage','2015-03-16 04:37:23','2015-03-16 04:37:23'),(303,'29','2 1/2 cups','water','2015-03-16 04:37:36','2015-03-16 04:37:36'),(304,'29','3/4 cup','evaporared milk','2015-03-16 04:38:35','2015-03-16 04:38:35'),(305,'29','100	grams','uncooked macaroni noodles','2015-03-16 04:38:47','2015-03-16 04:38:47'),(306,'29','1 pack','Lucky Me! NamNam Original 8g','2015-03-16 04:39:07','2015-03-16 04:39:07'),(307,'30','1/8 cup','cooking oil','2015-03-16 04:42:44','2015-03-16 04:42:44'),(308,'30','1 tbsp','chopped garlic','2015-03-16 04:43:01','2015-03-16 04:43:01'),(309,'30','2 tbsps','chopped onion','2015-03-16 04:44:44','2015-03-16 04:44:44'),(310,'30','1/2 kilo','pork, sliced','2015-03-16 04:45:25','2015-03-16 04:45:25'),(311,'30','2 1/2 cups','water','2015-03-16 04:45:50','2015-03-16 04:45:50'),(312,'30','1/2 cup','bagoong','2015-03-16 04:47:25','2015-03-16 04:47:25'),(313,'30','2 pcs','sili sigang','2015-03-16 04:47:38','2015-03-16 04:47:38'),(314,'30','2 pcs','sili sigang','2015-03-16 04:47:42','2015-03-16 04:47:42'),(315,'30','1 cup','sliced talong, fried','2015-03-16 04:47:53','2015-03-16 04:47:53'),(316,'30','1 pack','Lucky Me! NamNam Original 4g','2015-03-16 04:48:26','2015-03-16 04:48:26'),(317,'31','4 tbsp','oil','2015-03-16 04:52:14','2015-03-16 04:52:14'),(318,'31','1 tbsp','chopped garlic','2015-03-16 04:52:27','2015-03-16 04:52:27'),(319,'31','1/8 cup','chopped onion','2015-03-16 04:52:52','2015-03-16 04:52:52'),(320,'31','1 cup','ground pork','2015-03-16 04:53:05','2015-03-16 04:53:05'),(321,'31','1/2 tsp','curry powder','2015-03-16 05:37:12','2015-03-16 05:37:12'),(322,'31','1/3 cup','diced bell pepper','2015-03-16 05:37:28','2015-03-16 05:37:28'),(323,'31','4 cups','cooked rice','2015-03-16 05:37:43','2015-03-16 05:37:43'),(324,'31','1 pack','Lucky Me! NamNam Tomato 9g','2015-03-16 05:38:01','2015-03-16 05:38:01'),(325,'31','1/4 tsp','chili flakes','2015-03-16 05:38:20','2015-03-16 05:38:20'),(326,'31','1 pc','medium chili, chopped','2015-03-16 05:38:39','2015-03-16 05:38:39'),(327,'32','4 tbsp','oil','2015-03-16 05:42:14','2015-03-16 05:42:14'),(328,'32','1 tbsp','chopped garlic','2015-03-16 05:42:29','2015-03-16 05:42:29'),(329,'32','1/8 cup','chopped onion','2015-03-16 05:42:48','2015-03-16 05:42:48'),(330,'32','3/4 cup','shredded tinapa','2015-03-16 05:43:13','2015-03-16 05:43:13'),(331,'32','1/4 cup','carrots, diced','2015-03-16 05:43:25','2015-03-16 05:43:25'),(332,'32','4 cups','cooked rice','2015-03-16 05:43:34','2015-03-16 05:43:34'),(333,'32','2 packs','Lucky Me! NamNam Tomato 4.5g','2015-03-16 05:43:47','2015-03-16 05:43:47'),(334,'32','1/8 cup','raisins','2015-03-16 05:44:04','2015-03-16 05:44:04'),(335,'32','2 pcs','eggs (scrambled)','2015-03-16 05:44:14','2015-03-16 05:44:14'),(336,'32','1/3 cup','pineapple tidbits (optional)','2015-03-16 05:44:26','2015-03-16 05:44:26'),(337,'32','1/8 cup','chopped spring onion','2015-03-16 05:51:14','2015-03-16 05:51:14'),(338,'33','4 tbsp','oil','2015-03-16 05:54:35','2015-03-16 05:54:35'),(339,'33','1 tbsp','chopped garlic','2015-03-16 05:55:12','2015-03-16 05:55:12'),(340,'33','1/8 cup','chopped onion','2015-03-16 05:55:36','2015-03-16 05:55:36'),(341,'33','1 cup','ground beef','2015-03-16 05:56:20','2015-03-16 05:56:20'),(342,'33','1/8 cup','diced carrots','2015-03-16 05:56:36','2015-03-16 05:56:36'),(343,'33','1/8 cup','diced potatoes','2015-03-16 05:56:53','2015-03-16 05:56:53'),(344,'33','1/4 cup','tomato sauce','2015-03-16 05:57:35','2015-03-16 05:57:35'),(345,'33','4 cups','cooked rice','2015-03-16 05:58:19','2015-03-16 05:58:19'),(346,'33','1/4 cup','green peas','2015-03-16 06:00:51','2015-03-16 06:00:51'),(347,'33','1/8 cup','raisins','2015-03-16 06:01:06','2015-03-16 06:01:06'),(348,'33','1 pack','Lucky Me! NamNam Tomato 9g','2015-03-16 06:01:55','2015-03-16 06:01:55'),(349,'33','4 pcs','fried saba, sliced in half (8 pcs total)','2015-03-16 06:02:09','2015-03-16 06:02:09'),(350,'33','4 pcs','fried egg','2015-03-16 06:04:33','2015-03-16 06:04:33'),(351,'34','4 tbsps','cooking oil','2015-03-16 06:07:26','2015-03-16 06:07:26'),(352,'34','2 tbsps','atchuete seeds','2015-03-16 06:18:44','2015-03-16 06:18:44'),(353,'34','1 tbsp','minced garlic','2015-03-16 06:18:55','2015-03-16 06:18:55'),(354,'34','1/4 cup','minced onion','2015-03-16 06:19:10','2015-03-16 06:19:10'),(355,'34','1/2 cup','bellpepper strips','2015-03-16 06:19:24','2015-03-16 06:19:24'),(356,'34','1 cup','shrimps','2015-03-16 06:19:42','2015-03-16 06:19:42'),(357,'34','2 cups','mussels / tahong','2015-03-16 06:19:52','2015-03-16 06:19:52'),(358,'34','1 cup','uncooked rice','2015-03-16 06:20:04','2015-03-16 06:20:04'),(359,'34','1 1/2 cups','water','2015-03-16 06:20:23','2015-03-16 06:20:23'),(360,'34','2 packs','Lucky Me! NamNam Tomato 4.5g','2015-03-16 06:20:38','2015-03-16 06:20:38'),(361,'34','1 tsp','calamansi juice','2015-03-16 06:20:48','2015-03-16 06:20:48'),(362,'34','1 tsp','patis','2015-03-16 06:20:59','2015-03-16 06:20:59'),(363,'34','1/2 cup','squid rings','2015-03-16 06:21:32','2015-03-16 06:21:32'),(364,'34','1/3 cup','green peas','2015-03-16 06:21:48','2015-03-16 06:21:48'),(365,'35','1 tbsp','oil','2015-03-16 06:24:56','2015-03-16 06:24:56'),(366,'35','1 tbsp','chopped onion','2015-03-16 06:25:14','2015-03-16 06:25:14'),(367,'35','1 tbsp','chopped garlic','2015-03-16 06:25:42','2015-03-16 06:25:42'),(368,'35','1/2 kilo','ground pork','2015-03-16 06:26:11','2015-03-16 06:26:11'),(369,'35','1 cup','water','2015-03-16 06:26:45','2015-03-16 06:26:45'),(370,'35','1/2 cup','cubed carrots','2015-03-16 06:27:07','2015-03-16 06:27:07'),(371,'35','1/2 cup','cubed potatoes','2015-03-16 06:29:43','2015-03-16 06:29:43'),(372,'35','2 packs','Lucky Me! NamNam Tomato 9g','2015-03-16 06:29:56','2015-03-16 06:29:56'),(373,'36','2 tbsps','cooking oil','2015-03-16 06:32:28','2015-03-16 06:32:28'),(374,'36','1/4 cup','chopped onion','2015-03-16 06:35:33','2015-03-16 06:35:33'),(375,'36','1 tbsp','chopped garlic','2015-03-16 06:35:59','2015-03-16 06:35:59'),(376,'36','1/8 cup','tuyo','2015-03-16 06:36:13','2015-03-16 06:36:13'),(377,'36','5 cups','pechay','2015-03-16 06:36:23','2015-03-16 06:36:23'),(378,'36','1/3 cup','water','2015-03-16 06:36:51','2015-03-16 06:36:51'),(379,'36','1 pack','Lucky Me! NamNam Tomato 4.5g','2015-03-16 06:37:01','2015-03-16 06:37:01'),(380,'37','2 tbsps','cooking oil','2015-03-16 06:42:16','2015-03-16 06:42:16'),(381,'37','1/4 cup','chopped onion','2015-03-16 06:42:31','2015-03-16 06:42:31'),(382,'37','1 tbsp','chopped garlic','2015-03-16 06:42:47','2015-03-16 06:42:47'),(383,'37','1/2 cup','liempo strips','2015-03-16 06:42:58','2015-03-16 06:42:58'),(384,'37','','sliced ampalaya ','2015-03-16 06:43:05','2015-03-16 06:43:05'),(385,'37','1 cup','water','2015-03-16 06:43:19','2015-03-16 06:43:19'),(386,'37','2 pcs','egg','2015-03-16 06:43:26','2015-03-16 06:43:26'),(387,'37','2 pcs','egg','2015-03-16 06:43:27','2015-03-16 06:43:27'),(388,'37','2 packs','Lucky Me! NamNam Tomato 4.5g','2015-03-16 06:43:36','2015-03-16 06:43:36'),(389,'38','7 cups','water','2015-03-16 06:45:35','2015-03-16 06:45:35'),(390,'38','1 tbsp','cooking oil','2015-03-16 06:45:51','2015-03-16 06:45:51'),(391,'38','1/4 cup','chopped onion','2015-03-16 06:46:03','2015-03-16 06:46:03'),(392,'38','1 tbsp','chopped garlic','2015-03-16 06:46:11','2015-03-16 06:46:11'),(393,'38','1/2 cup','pork pieces','2015-03-16 06:46:21','2015-03-16 06:46:21'),(394,'38','1/8 cup','hibe','2015-03-16 06:46:34','2015-03-16 06:46:34'),(395,'38','1/8 cup','hibe','2015-03-16 06:46:35','2015-03-16 06:46:35'),(396,'38','1 cup','monggo','2015-03-16 06:46:53','2015-03-16 06:46:53'),(397,'38','1 1/2 cups','water','2015-03-16 06:47:07','2015-03-16 06:47:07'),(398,'38','1 cup','malunggay leaves','2015-03-16 06:47:18','2015-03-16 06:47:18'),(399,'38','1 tbsp','patis','2015-03-16 06:47:30','2015-03-16 06:47:30'),(400,'38','1 pack','Lucky Me! NamNam Tomato 4.5g','2015-03-16 06:47:38','2015-03-16 06:47:38'),(401,'39','2 tbsp','oil','2015-03-16 06:51:33','2015-03-16 06:51:33'),(402,'39','1/2 cup','chopped onion','2015-03-16 06:51:45','2015-03-16 06:51:45'),(403,'39','1 cup','water','2015-03-16 06:51:58','2015-03-16 06:51:58'),(404,'39','3 pcs','egg, beaten','2015-03-16 06:52:07','2015-03-16 06:52:07'),(405,'39','1 pack','Lucky Me! NamNam Tomato 9g','2015-03-16 06:52:20','2015-03-16 06:52:20'),(406,'39','1 tsp','sugar','2015-03-16 06:52:32','2015-03-16 06:52:32'),(407,'39','3 pcs','fried fish (tilapia or any preferred fish for frying)','2015-03-16 06:52:43','2015-03-16 06:52:43'),(408,'39','1 tbsp','chopped spring onions','2015-03-16 06:52:52','2015-03-16 06:52:52'),(428,'40','1 tbsp','oil','2015-03-16 07:30:58','2015-03-16 07:30:58'),(429,'40','1/4 cup','chopped onion','2015-03-16 07:33:45','2015-03-16 07:33:45'),(430,'40','1/2 tbsp','chopped garlic','2015-03-16 07:34:16','2015-03-16 07:34:16'),(431,'40','1/4 cup','pork strips','2015-03-16 07:34:28','2015-03-16 07:34:28'),(432,'40','1 cup','kalabasa','2015-03-16 07:34:38','2015-03-16 07:34:38'),(433,'40','1 cup','okra','2015-03-16 07:34:47','2015-03-16 07:34:47'),(434,'40','1/2 cup','talong','2015-03-16 07:35:02','2015-03-16 07:35:02'),(435,'40','1/2 cup','ampalaya','2015-03-16 07:35:18','2015-03-16 07:35:18'),(436,'40','1/2 cup','sitaw','2015-03-16 07:35:32','2015-03-16 07:35:32'),(437,'40','1 1/2 tbsp','bagoong alamang','2015-03-16 07:36:07','2015-03-16 07:36:07'),(438,'40','1/2 cup','water','2015-03-16 07:40:04','2015-03-16 07:40:04'),(439,'40','1 pack','Lucky Me! NamNam Tomato 4.5g','2015-03-16 07:40:14','2015-03-16 07:40:14'),(440,'41','2 tbsps','cooking oil','2015-03-16 08:06:44','2015-03-16 08:06:44'),(441,'41','1 tbsp','minced garlic','2015-03-16 08:07:02','2015-03-16 08:07:02'),(442,'41','1/8 cup','minced onion','2015-03-16 08:10:34','2015-03-16 08:10:34'),(443,'41','2 cups','small pusits','2015-03-16 08:10:50','2015-03-16 08:10:50'),(444,'41','1/8 cup','soy sauce','2015-03-16 08:11:05','2015-03-16 08:11:05'),(445,'41','1 tsp','whole pepper corn','2015-03-16 08:11:16','2015-03-16 08:11:16'),(446,'41','4 tsps','vinegar','2015-03-16 08:11:28','2015-03-16 08:11:28'),(447,'41','1 pack','Lucky Me! NamNam Tomato 4.5g','2015-03-16 08:11:37','2015-03-16 08:11:37'),(448,'42','2 tbsp','oil','2015-03-16 08:15:18','2015-03-16 08:15:18'),(449,'42','1 tbsp','chopped garlic','2015-03-16 08:15:35','2015-03-16 08:15:35'),(450,'42','1/3 cup','chopped onion','2015-03-16 08:15:47','2015-03-16 08:15:47'),(451,'42','1/2 cup','carrots (cut into thin strips)','2015-03-16 08:16:02','2015-03-16 08:16:02'),(452,'42','1/2 cup','bell pepper (cut into thin strips)','2015-03-16 08:16:17','2015-03-16 08:16:17'),(453,'42','1 tbsp','ginger (cut into thin strips)','2015-03-16 08:16:29','2015-03-16 08:16:29'),(454,'42','3/4 cup','water','2015-03-16 08:16:43','2015-03-16 08:16:43'),(455,'42','1/3 cup + 1/4 tsp','sugar','2015-03-16 08:16:57','2015-03-16 08:16:57'),(456,'42','1/8 cup','vinegar','2015-03-16 08:17:11','2015-03-16 08:17:11'),(457,'42','1/4 cup','tomato sauce','2015-03-16 08:17:31','2015-03-16 08:17:31'),(458,'42','2 packs','Lucky Me! NamNam Tomato 9g','2015-03-16 08:18:33','2015-03-16 08:18:33'),(459,'42','1 tsp','cornstarch (dissolved in 1/8 cup water)','2015-03-16 08:18:44','2015-03-16 08:18:44'),(460,'43','2 tbsp','oil','2015-03-16 08:26:46','2015-03-16 08:26:46'),(461,'43','2 tbsp','chopped garlic','2015-03-16 08:26:57','2015-03-16 08:26:57'),(462,'43','1/3 cup','chopped onion','2015-03-16 08:27:27','2015-03-16 08:27:27'),(463,'43','1/2 cup','carrots (cut into thin strips)','2015-03-16 08:27:40','2015-03-16 08:27:40'),(464,'43','1/2 cup','chopped bell pepper','2015-03-16 08:27:51','2015-03-16 08:27:51'),(465,'43','1 tbsp','ginger (cut into thin strips)','2015-03-16 08:28:01','2015-03-16 08:28:01'),(466,'43','1 cup','water','2015-03-16 08:28:15','2015-03-16 08:28:15'),(467,'43','1/3 cup + 1/4 tsp','sugar','2015-03-16 08:28:28','2015-03-16 08:28:28'),(468,'43','1/8 cup','vinegar','2015-03-16 08:29:19','2015-03-16 08:29:19'),(469,'43','2 packs','Lucky Me! NamNam Tomato 9g','2015-03-16 08:29:28','2015-03-16 08:29:28'),(470,'43','2 tsp','constarch (dissolved in 1/4 cup water)','2015-03-16 08:30:26','2015-03-16 08:30:26'),(471,'44','2 tbsp','oil','2015-03-16 08:34:15','2015-03-16 08:34:15'),(472,'44','1 tbsp','chopped garlic','2015-03-16 08:34:24','2015-03-16 08:34:24'),(473,'44','1/4 cup','chopped onion','2015-03-16 08:34:43','2015-03-16 08:34:43'),(474,'44','2 cups','chopped liempo','2015-03-16 08:35:06','2015-03-16 08:35:06'),(475,'44','1 1/4 cups','water','2015-03-16 08:35:17','2015-03-16 08:35:17'),(476,'44','1 pc','bay leaf','2015-03-16 08:35:26','2015-03-16 08:35:26'),(477,'44','1/2 cup','tomato sauce','2015-03-16 08:35:38','2015-03-16 08:35:38'),(478,'44','1/3 cup','chopped potato','2015-03-16 08:35:54','2015-03-16 08:35:54'),(479,'44','1/3 cup','chopped carrots','2015-03-16 08:36:04','2015-03-16 08:36:04'),(480,'44','1/3 cup','green peas','2015-03-16 08:36:14','2015-03-16 08:36:14'),(481,'44','1/8 cup','raisins','2015-03-16 08:36:24','2015-03-16 08:36:24'),(482,'44','1/4 cup','chopped bellpepper','2015-03-16 08:36:38','2015-03-16 08:36:38'),(483,'44','2 packs','Lucky Me! NamNam Tomato 9g','2015-03-16 08:36:48','2015-03-16 08:36:48'),(484,'46','2 tbsp','oil','2015-03-16 08:42:17','2015-03-16 08:42:17'),(485,'46','1 tbsp','chopped garlic','2015-03-16 08:42:32','2015-03-16 08:42:32'),(486,'46','1/4 cup','chopped onion','2015-03-16 08:42:42','2015-03-16 08:42:42'),(487,'46','2 cups','chopped liempo','2015-03-16 08:42:54','2015-03-16 08:42:54'),(488,'46','2 1/4 cups','water','2015-03-16 08:43:03','2015-03-16 08:43:03'),(489,'46','1 pc','bay leaf','2015-03-16 08:43:13','2015-03-16 08:43:13'),(490,'46','1/3 cup','chopped potato','2015-03-16 08:43:24','2015-03-16 08:43:24'),(491,'46','1/3 cup','chopped carrots','2015-03-16 08:43:34','2015-03-16 08:43:34'),(492,'46','1/3 cup','green peas','2015-03-16 08:43:46','2015-03-16 08:43:46'),(493,'46','1/8 cup','raisins','2015-03-16 08:44:12','2015-03-16 08:44:12'),(494,'46','1/4 cup','chopped bellpepper','2015-03-16 08:44:31','2015-03-16 08:44:31'),(495,'46','2 tsps','cornstarch (dissolved in 1/4 cup water)','2015-03-16 08:44:45','2015-03-16 08:44:45'),(496,'46','2 packs','Lucky Me! NamNam Tomato 9g','2015-03-16 08:44:56','2015-03-16 08:44:56'),(497,'47','2 tbsp','oil','2015-03-16 08:48:19','2015-03-16 08:48:19'),(498,'47','1 tbsp','chopped garlic','2015-03-16 08:48:27','2015-03-16 08:48:27'),(499,'47','1/4 cup','chopped onion','2015-03-16 08:48:40','2015-03-16 08:48:40'),(500,'47','2 cups','chopped chicken','2015-03-16 08:48:51','2015-03-16 08:48:51'),(501,'47','1 1/4 cups','water','2015-03-16 08:49:02','2015-03-16 08:49:02'),(502,'47','1 pc','bay leaf','2015-03-16 08:49:18','2015-03-16 08:49:18'),(503,'47','1/2 cup','tomato sauce','2015-03-16 08:49:32','2015-03-16 08:49:32'),(504,'47','1/3 cup','chopped potato','2015-03-16 08:49:55','2015-03-16 08:49:55'),(505,'47','1/3 cup','chopped carrots','2015-03-16 08:50:12','2015-03-16 08:50:12'),(506,'47','1/3 cup','chopped hotdog','2015-03-16 08:50:24','2015-03-16 08:50:24'),(507,'47','1/4 cup','chopped bell pepper','2015-03-16 08:50:36','2015-03-16 08:50:36'),(508,'47','2 packs','Lucky Me! NamNam Tomato 9g','2015-03-16 08:50:46','2015-03-16 08:50:46'),(509,'48','2 tbsp','oil','2015-03-16 08:53:57','2015-03-16 08:53:57'),(510,'48','1/4 cup','chopped onion','2015-03-16 08:54:10','2015-03-16 08:54:10'),(511,'48','1 tbsp','chopped garlic','2015-03-16 08:55:09','2015-03-16 08:55:09'),(512,'48','2 cups','chopped chicken','2015-03-16 08:55:22','2015-03-16 08:55:22'),(513,'48','1 1/2 cups','water','2015-03-16 08:55:50','2015-03-16 08:55:50'),(514,'48','1 pc','bay leaf','2015-03-16 08:55:59','2015-03-16 08:55:59'),(515,'48','1/3 cup','chopped carrots','2015-03-16 08:56:09','2015-03-16 08:56:09'),(516,'48','1/3 cup','chopped potatoes','2015-03-16 08:56:19','2015-03-16 08:56:19'),(517,'48','1/3 cup','chopped bell pepper','2015-03-16 08:56:28','2015-03-16 08:56:28'),(518,'48','1/3 cup','hotdog','2015-03-16 08:56:38','2015-03-16 08:56:38'),(519,'48','1 tsp','cornstarch (dissolved in  1/8 cup water)','2015-03-16 08:56:47','2015-03-16 08:56:47'),(520,'48','2 packs','Lucky Me! NamNam Tomato 9g','2015-03-16 08:56:56','2015-03-16 08:56:56'),(521,'49','8 cups','water','2015-03-16 09:01:11','2015-03-16 09:01:11'),(522,'49','3 cups','beef','2015-03-16 09:01:20','2015-03-16 09:01:20'),(523,'49','1 cup','water','2015-03-16 09:01:32','2015-03-16 09:01:32'),(524,'49','1 cup','onion','2015-03-16 09:01:58','2015-03-16 09:01:58'),(525,'49','1 cup','camote','2015-03-16 09:02:07','2015-03-16 09:02:07'),(526,'49','1 1/2 cups','saba','2015-03-16 09:02:15','2015-03-16 09:02:15'),(527,'49','1/2 cup','garbanzos','2015-03-16 09:02:26','2015-03-16 09:02:26'),(528,'49','2 tbsps','sugar','2015-03-16 09:02:35','2015-03-16 09:02:35'),(529,'49','1 cup','pork and beans','2015-03-16 09:02:45','2015-03-16 09:02:45'),(530,'49','1 cup','cabbage','2015-03-16 09:02:55','2015-03-16 09:02:55'),(531,'49','1/2 cup','baguio beans','2015-03-16 09:03:06','2015-03-16 09:03:06'),(532,'49','2 tbsps','patis','2015-03-16 09:03:17','2015-03-16 09:03:17'),(533,'49','2 packs','Lucky Me! NamNam Tomato 4.5g','2015-03-16 09:03:26','2015-03-16 09:03:26'),(534,'50','2 cups','beef cubes (pressure cooked for 1 hour in 4 cups of water)','2015-03-16 09:12:54','2015-03-16 09:12:54'),(535,'50','2 tbsp','oil','2015-03-16 09:13:16','2015-03-16 09:13:16'),(536,'50','1 tbsp','chopped garlic','2015-03-16 09:13:28','2015-03-16 09:13:28'),(537,'50','1/4 cup','chopped onion','2015-03-16 09:13:59','2015-03-16 09:13:59'),(538,'50','2 cups','broth from boiled beef cubes','2015-03-16 09:14:09','2015-03-16 09:14:09'),(539,'50','1/3 cup','chopped potato','2015-03-16 09:14:29','2015-03-16 09:14:29'),(540,'50','1/3 pc','chopped carrots','2015-03-16 09:14:40','2015-03-16 09:14:40'),(541,'50','1/3 cup','tomato sauce','2015-03-16 09:14:54','2015-03-16 09:14:54'),(542,'50','1/4 cup','liver spread','2015-03-16 09:17:23','2015-03-16 09:17:23'),(543,'50','2 packs','Lucky Me! NamNam Tomato 9g','2015-03-16 09:18:11','2015-03-16 09:18:11'),(545,'51','2 cups','tuna slices','2015-03-16 09:22:11','2015-03-16 09:22:11'),(546,'51','2 cups','water','2015-03-16 09:22:40','2015-03-16 09:22:40'),(547,'51','2 tbsps','salt ','2015-03-16 09:22:49','2015-03-16 09:22:49'),(548,'51','2 tbsps','cooking oil','2015-03-16 09:22:58','2015-03-16 09:22:58'),(549,'51','1 tbsp','minced garlic','2015-03-16 09:23:09','2015-03-16 09:23:09'),(550,'51','1/8 cup','minced onion','2015-03-16 09:23:23','2015-03-16 09:23:23'),(551,'51','1/2 cup','bellpepper strips','2015-03-16 09:23:51','2015-03-16 09:23:51'),(552,'51','1/2 cup','tomato sauce','2015-03-16 09:24:05','2015-03-16 09:24:05'),(553,'51','1/2 cup','water','2015-03-16 09:24:17','2015-03-16 09:24:17'),(554,'51','1/2 cup','sliced button mushroom','2015-03-16 09:24:28','2015-03-16 09:24:28'),(555,'51','1/3 cup','sliced olives','2015-03-16 09:25:00','2015-03-16 09:25:00'),(556,'51','1 pack','Lucky Me! NamNam Tomato 4.5g','2015-03-16 09:25:29','2015-03-16 09:25:29'),(557,'52','2 tbsps','cooking oil','2015-03-16 09:27:45','2015-03-16 09:27:45'),(558,'52','1 tbsp','minced garlic','2015-03-16 09:27:57','2015-03-16 09:27:57'),(559,'52','1/4 cup','minced onion','2015-03-16 09:28:38','2015-03-16 09:28:38'),(560,'52','2 cans','corned beef','2015-03-16 09:29:09','2015-03-16 09:29:09'),(561,'52','1 cup','potato cubes','2015-03-16 09:29:18','2015-03-16 09:29:18'),(562,'52','4 cups','water','2015-03-16 09:29:32','2015-03-16 09:30:00'),(563,'52','1 tbsp','patis','2015-03-16 09:30:39','2015-03-16 09:30:39'),(564,'52','1 pack','Lucky Me! NamNam Tomato 4.5g','2015-03-16 09:31:12','2015-03-16 09:31:12'),(565,'52','2 cups','cabbage','2015-03-16 09:32:58','2015-03-16 09:32:58'),(566,'53','1 tbsp','oil','2015-03-16 09:38:51','2015-03-16 09:38:51'),(568,'53',' 1/4	cup','chopped onion','2015-03-16 09:39:26','2015-03-16 09:39:26'),(569,'53','1/2 tbsp','chopped garlic','2015-03-16 09:43:05','2015-03-16 09:43:05'),(570,'53','4 cups','water','2015-03-16 09:43:40','2015-03-16 09:43:40'),(571,'53','1 cup','kalabasa','2015-03-16 09:43:51','2015-03-16 09:43:51'),(572,'53','1 cup','okra','2015-03-16 09:44:01','2015-03-16 09:44:01'),(573,'53','1 tbsp','ginger','2015-03-16 09:44:10','2015-03-16 09:44:10'),(574,'53','1/2 cup','sitaw','2015-03-16 09:44:24','2015-03-16 09:44:24'),(575,'53','1/2 cup','talong','2015-03-16 09:44:36','2015-03-16 09:44:36'),(576,'53','1 pc','siling pansigang','2015-03-16 09:44:49','2015-03-16 09:44:49'),(577,'53','1 pack','Lucky Me! NamNam Tomato 4.5g','2015-03-16 09:45:01','2015-03-16 09:45:01'),(578,'53','2 1/2 tbsp','patis','2015-03-16 09:45:26','2015-03-16 09:45:26'),(579,'53','','pepper to taste','2015-03-16 09:45:38','2015-03-16 09:45:38'),(580,'53','1/2 cup','malunggay leaves','2015-03-16 09:45:59','2015-03-16 09:45:59'),(581,'54','1 1/2 cup','water','2015-03-16 09:51:47','2015-03-16 09:51:47'),(582,'54','1 1/2 cup','sliced kamias','2015-03-16 09:52:26','2015-03-16 09:52:26'),(583,'54','1 cup','quartered onion','2015-03-16 09:53:07','2015-03-16 09:53:07'),(584,'54','4 pcs','tilapia','2015-03-16 09:53:23','2015-03-16 09:53:23'),(585,'54','1 pack','Lucky Me! NamNam Tomato 4.5g','2015-03-16 09:53:42','2015-03-16 09:53:42'),(586,'54','2 tbsps','patis','2015-03-16 09:53:53','2015-03-16 09:53:53'),(587,'54','','pepper to taste','2015-03-16 09:54:04','2015-03-16 09:54:04'),(588,'55','2 tbsps','cooking oil','2015-03-16 09:56:09','2015-03-16 09:56:09'),(589,'55','1/4 cup','chopped onion','2015-03-16 09:56:21','2015-03-16 09:56:21'),(590,'55','1 tbsp','chopped garlic','2015-03-16 09:56:29','2015-03-16 09:56:29'),(591,'55','1/3 cup','ground pork','2015-03-16 09:56:47','2015-03-16 09:56:47'),(592,'55','3/4 cup','water','2015-03-16 09:57:08','2015-03-16 09:57:08'),(593,'55','3/4 cup','miswa','2015-03-16 09:57:20','2015-03-16 09:57:20'),(594,'55','2 cups','sliced patola','2015-03-16 10:01:02','2015-03-16 10:01:02'),(595,'55','2 tbsps','patis','2015-03-16 10:01:14','2015-03-16 10:01:14'),(596,'55','1 pack','Lucky Me! NamNam Tomato 4.5g','2015-03-16 10:01:24','2015-03-16 10:01:24'),(597,'55','','pepper to taste','2015-03-16 10:01:28','2015-03-16 10:01:28'),(598,'56','1 kilo','pata','2015-03-16 10:06:45','2015-03-16 10:06:45'),(599,'56','7 cups','water','2015-03-16 10:06:55','2015-03-16 10:06:55'),(600,'56','1/2 cup','kadyos','2015-03-16 10:07:07','2015-03-16 10:07:07'),(601,'56','2 cups','langka','2015-03-16 10:07:17','2015-03-16 10:07:17'),(602,'56','1 1/2 tbsps','tamarind powder','2015-03-16 10:07:33','2015-03-16 10:07:33'),(603,'56','2 stalks','lemon grass','2015-03-16 10:07:46','2015-03-16 10:07:46'),(604,'56','1 pack','Lucky Me! NamNam Tomato 4.5g','2015-03-16 10:07:56','2015-03-16 10:07:56'),(605,'56','2 tbsps','patis','2015-03-16 10:08:06','2015-03-16 10:08:06'),(606,'56','2 cups','talbos ng kamote leaves','2015-03-16 10:08:20','2015-03-16 10:08:20'),(607,'56','','pepper to taste','2015-03-16 10:08:27','2015-03-16 10:08:27'),(608,'57','4 cups','water','2015-03-16 10:12:49','2015-03-16 10:12:49'),(609,'57','1/4 cup','chopped onion','2015-03-16 10:12:59','2015-03-16 10:12:59'),(610,'57','2 cups','kamias','2015-03-16 10:13:17','2015-03-16 10:13:17'),(611,'57','2 cups','pork liempo (cut into pieces)','2015-03-16 10:13:27','2015-03-16 10:13:27'),(612,'57','1/3 cup','gabi','2015-03-16 10:13:40','2015-03-16 10:13:40'),(613,'57','1/2 cup','talong','2015-03-16 10:14:32','2015-03-16 10:14:32'),(614,'57','1/2 cup','sitaw','2015-03-16 10:14:45','2015-03-16 10:14:45'),(615,'57','1/2 cup','okra','2015-03-16 10:15:16','2015-03-16 10:15:16'),(616,'57','1/2 cup','kangkong','2015-03-16 10:15:28','2015-03-16 10:15:28'),(617,'57','2 pcs','sili pansigang','2015-03-16 10:15:40','2015-03-16 10:15:40'),(618,'57','1 pack','Lucky Me! NamNam Tomato 4.5g','2015-03-16 10:16:08','2015-03-16 10:16:08'),(619,'57','2 1/4 tbsp','patis','2015-03-16 10:16:21','2015-03-16 10:16:21'),(620,'57','','pepper to taste','2015-03-16 10:16:42','2015-03-16 10:16:42'),(621,'58','1 tbsp','oil','2015-03-16 10:19:00','2015-03-16 10:19:00'),(622,'58','1/4 cup','chopped onion','2015-03-16 10:19:11','2015-03-16 10:19:11'),(623,'58','1/2 tbsp','chopped garlic','2015-03-16 10:19:33','2015-03-16 10:19:33'),(624,'58','1 tbsp','chopped ginger','2015-03-16 10:20:04','2015-03-16 10:20:04'),(625,'58','4 1/3 cup','water','2015-03-16 10:20:18','2015-03-16 10:20:18'),(626,'58','1 pc','fish, medium bangus','2015-03-16 10:20:27','2015-03-16 10:20:27'),(627,'58','1 stalk','tanglad','2015-03-16 10:20:45','2015-03-16 10:20:45'),(628,'58','3 stalks','spring onion','2015-03-16 10:20:55','2015-03-16 10:20:55'),(629,'58','1 pack','Lucky Me! NamNam Tomato 4.5g','2015-03-16 10:21:05','2015-03-16 10:21:05'),(630,'58','2 1/2 tbsp','patis','2015-03-16 10:21:14','2015-03-16 10:21:14'),(631,'58','1/2 cup','malunggay leaves','2015-03-16 10:21:25','2015-03-16 10:21:25'),(632,'58','','pepper to taste','2015-03-16 10:21:32','2015-03-16 10:21:32'),(633,'59','2 tbsps','cooking oil','2015-03-16 10:23:10','2015-03-16 10:23:10'),(634,'59','1/2 cup','onion wedge','2015-03-16 10:23:24','2015-03-16 10:23:24'),(635,'59','2 tbsps','chopped garlic','2015-03-16 10:23:38','2015-03-16 10:23:38'),(636,'59','2 tbsps','chopped ginger','2015-03-16 10:23:45','2015-03-16 10:23:45'),(637,'59','2 cups','salmon slices','2015-03-16 10:24:00','2015-03-16 10:24:00'),(638,'59','5 cups','water','2015-03-16 10:24:16','2015-03-16 10:24:16'),(639,'59','1 tsp','whole black pepper','2015-03-16 10:24:24','2015-03-16 10:24:24'),(640,'59','1 cup','chopped leeks','2015-03-16 10:24:33','2015-03-16 10:24:33'),(641,'59','2 tbsps','patis','2015-03-16 10:25:06','2015-03-16 10:25:06'),(642,'59','2 cups','chopped pechay','2015-03-16 10:25:14','2015-03-16 10:25:14'),(643,'59','2 packs','Lucky Me! NamNam Tomato 4.5g','2015-03-16 10:25:23','2015-03-16 10:25:23'),(644,'59','','pepper to taste','2015-03-16 10:25:40','2015-03-16 10:25:40'),(645,'60','1 tbsp','cooking oil','2015-03-16 10:28:38','2015-03-16 10:28:38'),(646,'60','1/4 cup','chopped onion','2015-03-16 10:28:47','2015-03-16 10:28:47'),(647,'60','2 tbsps','chopped garlic','2015-03-16 10:28:57','2015-03-16 10:28:57'),(648,'60','1/2 tbsp','chopped ginger','2015-03-16 10:29:08','2015-03-16 10:29:21'),(649,'60','2 cups','chicken pieces','2015-03-16 10:29:35','2015-03-16 10:29:35'),(650,'60','5 cups','water','2015-03-16 10:29:50','2015-03-16 10:29:50'),(651,'60','2 tbsps','tamarind powder','2015-03-16 10:30:05','2015-03-16 10:30:05'),(652,'60','2 pcs','sliced green sili','2015-03-16 10:30:24','2015-03-16 10:30:24'),(653,'60','1 cup','sampaloc leaves','2015-03-16 10:30:36','2015-03-16 10:30:36'),(654,'60','2 tbsps','patis','2015-03-16 10:30:46','2015-03-16 10:30:46'),(655,'60','1 pack','Lucky Me! NamNam Tomato 4.5g','2015-03-16 10:30:57','2015-03-16 10:30:57'),(656,'60','','pepper to taste','2015-03-16 10:31:02','2015-03-16 10:31:02'),(657,'61','2 tbsps','cooking oil','2015-03-16 10:33:04','2015-03-16 10:33:04'),(658,'61','1/4 cup','chopped onion','2015-03-16 10:33:24','2015-03-16 10:33:24'),(659,'61','1 tbsp','chopped garlic','2015-03-16 10:33:35','2015-03-16 10:33:35'),(660,'61','1 cup','ground beef','2015-03-16 10:33:44','2015-03-16 10:33:44'),(661,'61','1 cup','hotdog','2015-03-16 10:33:56','2015-03-16 10:33:56'),(662,'61','1/2 cup','mushroom','2015-03-16 10:34:12','2015-03-16 10:34:12'),(663,'61','2 cups','tomato sauce','2015-03-16 10:34:34','2015-03-16 10:34:34'),(664,'61','2 cups','water','2015-03-16 10:35:01','2015-03-16 10:35:01'),(665,'61','1 tsp','patis','2015-03-16 10:35:15','2015-03-16 10:35:15'),(666,'61','5 tbsps','brown sugar','2015-03-16 10:35:35','2015-03-16 10:35:35'),(667,'61','','pepper to taste','2015-03-16 10:35:41','2015-03-16 10:35:41'),(668,'61','1 pack','Lucky Me! NamNam Tomato 4.5g','2015-03-16 10:36:00','2015-03-16 10:36:00'),(669,'61','1/8 cup','water','2015-03-16 10:36:10','2015-03-16 10:36:10'),(670,'61','1 tbsp','cornstarch','2015-03-16 10:36:24','2015-03-16 10:36:24'),(671,'62','2 tbsps','cooking oil','2015-03-16 10:38:52','2015-03-16 10:38:52'),(672,'62','1 tbsp','minced garlic','2015-03-16 10:39:08','2015-03-16 10:39:08'),(673,'62','1/8 cup','minced onion','2015-03-16 10:39:20','2015-03-16 10:39:20'),(674,'62','1 can','tuna in can - spicy','2015-03-16 10:39:45','2015-03-16 10:39:45'),(675,'62','1 can','tuna in can - regular','2015-03-16 10:39:57','2015-03-16 10:39:57'),(676,'62','1/3 cup','sliced button mushroom','2015-03-16 10:40:46','2015-03-16 10:40:46'),(677,'62','1/2 cup','all purpose cream','2015-03-16 10:41:16','2015-03-16 10:41:16'),(678,'62','1/3 cup','cubed bell pepper','2015-03-16 10:41:40','2015-03-16 10:41:40'),(679,'62','1/3 cup','water','2015-03-16 10:42:53','2015-03-16 10:42:53'),(680,'62','1/8 cup','grated parmesan cheese','2015-03-16 10:43:06','2015-03-16 10:43:06'),(681,'62','1 pack','Lucky Me! NamNam Tomato 4.5g','2015-03-16 10:43:20','2015-03-16 10:43:20'),(682,'62','1/8 cup','fresh basil','2015-03-16 10:43:46','2015-03-16 10:43:46'),(683,'62','1/3 cup','bacon','2015-03-16 10:44:04','2015-03-16 10:44:04'),(684,'63','2 tbsps','cooking oil','2015-03-16 10:46:40','2015-03-16 10:46:40'),(685,'63','1 tbsp','minced garlic','2015-03-16 10:46:55','2015-03-16 10:46:55'),(686,'63','1/8 cup','minced onion','2015-03-16 10:48:08','2015-03-16 10:48:08'),(687,'63','1 cup','ground beef','2015-03-16 10:49:16','2015-03-16 10:49:16'),(688,'63','1/3 cup','sliced button mushroom','2015-03-16 10:49:30','2015-03-16 10:49:30'),(689,'63','1/4 cup','diced carrots','2015-03-16 10:50:22','2015-03-16 10:50:22'),(690,'63','1 cup','tomato sauce','2015-03-16 10:51:45','2015-03-16 10:51:45'),(691,'63','1 cup','water','2015-03-16 10:52:09','2015-03-16 10:52:09'),(692,'63','1 piece','bay leaf','2015-03-16 10:52:23','2015-03-16 10:52:23'),(693,'63','2 tbsps','patis','2015-03-16 10:52:39','2015-03-16 10:52:39'),(694,'63','1 pack','Lucky Me! NamNam Tomato 4.5g','2015-03-16 10:53:22','2015-03-16 10:53:22'),(695,'63','','pepper to taste','2015-03-16 10:53:30','2015-03-16 10:53:30'),(696,'63','1/2 pack (400g)','macaronni noodles,cooked','2015-03-16 10:53:44','2015-03-16 10:53:44'),(697,'63','1/2 cup','all purpose cream','2015-03-16 10:53:55','2015-03-16 10:53:55'),(698,'63','3/4 cup','grated cheese','2015-03-16 10:54:06','2015-03-16 10:54:06'),(699,'64','3 cups','kalabasa cubes','2015-03-17 02:26:37','2015-03-17 02:26:37'),(700,'64','3 cups','kalabasa cubes','2015-03-17 02:26:48','2015-03-17 02:26:48'),(701,'64','1 tbsp','oil','2015-03-17 02:26:59','2015-03-17 02:26:59'),(702,'64','1 tbsp','minced garlic','2015-03-17 02:27:12','2015-03-17 02:27:12'),(703,'64','1/8 cup','minced onion','2015-03-17 02:27:27','2015-03-17 02:27:27'),(704,'64','1 cup','water','2015-03-17 02:27:35','2015-03-17 02:27:35'),(705,'64','1/2 cup','sliced button mushroom','2015-03-17 02:28:43','2015-03-17 02:28:43'),(706,'64','1/2 cup','all purpose cream','2015-03-17 02:28:53','2015-03-17 02:28:53'),(707,'64','1/4 cup','grated parmesan cheese','2015-03-17 02:29:12','2015-03-17 02:29:12'),(708,'64','1/8 cup','fresh basil','2015-03-17 02:29:27','2015-03-17 02:29:27'),(709,'64','1 tbsp','patis','2015-03-17 02:29:49','2015-03-17 02:29:49'),(710,'64','2 packs','Lucky Me! NamNam Tomato 4.5g','2015-03-17 02:31:21','2015-03-17 02:31:21'),(711,'64','','pepper to taste','2015-03-17 02:31:33','2015-03-17 02:31:33'),(712,'66','2 tbsps','cooking oil','2015-03-17 02:33:27','2015-03-17 02:33:27'),(713,'66','1 tbsp','minced garlic','2015-03-17 02:33:38','2015-03-17 02:33:38'),(714,'66','1/8 cup','minced onion','2015-03-17 02:33:49','2015-03-17 02:33:49'),(715,'66','5 cups','water','2015-03-17 02:34:01','2015-03-17 02:34:01'),(716,'66','1/2 cup','sotanghon','2015-03-17 02:34:24','2015-03-17 02:34:24'),(717,'66','10 pcs','boiled and peeled quail eggs','2015-03-17 02:34:44','2015-03-17 02:34:44'),(718,'66','1/2 cup','carrot strips','2015-03-17 02:35:52','2015-03-17 02:35:52'),(719,'66','2 tbsps','patis','2015-03-17 02:36:36','2015-03-17 02:36:36'),(720,'66','1 cup','cabbage strips','2015-03-17 02:36:52','2015-03-17 02:36:52'),(721,'66','1 pc','egg','2015-03-17 02:37:11','2015-03-17 02:37:11'),(722,'66','1 pack','Lucky Me! NamNam Tomato 4.5g','2015-03-17 02:37:24','2015-03-17 02:37:24'),(723,'66','','pepper to taste','2015-03-17 02:37:31','2015-03-17 02:37:31'),(724,'67','4 tbsps','cooking oil','2015-03-17 02:52:21','2015-03-17 02:52:21'),(725,'67','1 tbsp','minced garlic','2015-03-17 02:52:30','2015-03-17 02:52:30'),(726,'67','1/8 cup','minced onion','2015-03-17 02:52:41','2015-03-17 02:52:41'),(727,'67','1 cup','ground beef','2015-03-17 02:55:30','2015-03-17 02:55:30'),(728,'67','1/4 tsp','cumin','2015-03-17 02:56:05','2015-03-17 02:56:05'),(729,'67','2 tsps','patis','2015-03-17 02:56:29','2015-03-17 02:56:29'),(730,'67','1 tsp','sugar','2015-03-17 02:56:39','2015-03-17 02:56:39'),(731,'67','1/4 cup','water','2015-03-17 02:56:59','2015-03-17 02:56:59'),(732,'67','1 pack','Lucky Me! NamNam Tomato 4.5g','2015-03-17 02:57:12','2015-03-17 02:57:12'),(733,'67','','pepper to taste','2015-03-17 02:57:22','2015-03-17 02:57:22'),(734,'67','8 pcs','taco shells','2015-03-17 02:57:33','2015-03-17 02:57:33'),(735,'67','1/2 cup','grated cheese','2015-03-17 02:57:55','2015-03-17 02:57:55'),(736,'67','1/2 cup','cubed white onion','2015-03-17 02:58:26','2015-03-17 02:58:26'),(737,'67','1/2 cup','cubed tomatoes','2015-03-17 02:58:36','2015-03-17 02:58:36'),(738,'67','2 cups','shredded iceberg lettuce','2015-03-17 02:58:46','2015-03-17 02:58:46'),(739,'68','1 tbsp','cooking oil','2015-03-17 03:01:55','2015-03-17 03:01:55'),(740,'68','1 tbsp','chopped onion','2015-03-17 03:02:15','2015-03-17 03:02:15'),(741,'68','1 tbsp','chopped garlic','2015-03-17 03:02:29','2015-03-17 03:02:29'),(742,'68','1 cup','tomato sauce','2015-03-17 03:03:21','2015-03-17 03:03:21'),(743,'68','1/2 cup','water','2015-03-17 03:05:21','2015-03-17 03:05:21'),(744,'68','1 pack','Lucky Me! NamNam Tomato 4.5g','2015-03-17 03:05:34','2015-03-17 03:05:34'),(745,'68','1 tbsp','grated parmesan cheese','2015-03-17 03:05:44','2015-03-17 03:05:44'),(746,'68','1/2 tsp','chopped basil','2015-03-17 03:05:57','2015-03-17 03:05:57'),(747,'31','','pepper to taste','2015-03-17 03:11:10','2015-03-17 03:11:10'),(748,'32','','pepper to taste','2015-03-17 03:11:55','2015-03-17 03:11:55'),(749,'33','','pepper to taste','2015-03-17 03:12:57','2015-03-17 03:12:57'),(750,'34','','pepper to taste','2015-03-17 03:13:23','2015-03-17 03:13:23'),(751,'35','','pepper to taste','2015-03-17 03:14:05','2015-03-17 03:14:05'),(752,'36','','pepper to taste','2015-03-17 03:15:13','2015-03-17 03:15:13'),(753,'37','','pepper to taste','2015-03-17 03:15:32','2015-03-17 03:15:32'),(754,'38','','pepper to taste','2015-03-17 03:18:05','2015-03-17 03:18:05'),(755,'39','','pepper to taste','2015-03-17 03:20:34','2015-03-17 03:20:34'),(756,'40','','pepper to taste','2015-03-17 03:21:06','2015-03-17 03:21:06'),(757,'41','','pepper to taste','2015-03-17 03:22:21','2015-03-17 03:22:21'),(758,'43','','pepper to taste','2015-03-17 03:23:51','2015-03-17 03:23:51'),(759,'42','','pepper to taste','2015-03-17 03:24:03','2015-03-17 03:24:03'),(760,'46','','pepper to taste','2015-03-17 03:26:53','2015-03-17 03:26:53'),(761,'44','','pepper to taste','2015-03-17 03:28:07','2015-03-17 03:28:07'),(762,'48','','pepper to taste','2015-03-17 03:29:04','2015-03-17 03:29:04'),(763,'47','','pepper to taste','2015-03-17 03:29:06','2015-03-17 03:29:06'),(764,'49','','pepper to taste','2015-03-17 03:32:18','2015-03-17 03:32:18'),(765,'50','','pepper to taste','2015-03-17 03:32:31','2015-03-17 03:32:31'),(766,'51','','pepper to taste','2015-03-17 03:33:20','2015-03-17 03:33:20'),(767,'52','','pepper to taste','2015-03-17 03:33:40','2015-03-17 03:33:40'),(769,'53','','pepper to taste','2015-03-17 03:34:43','2015-03-17 03:34:43'),(770,'11','','pepper to taste','2015-03-17 03:45:56','2015-03-17 03:45:56'),(771,'12','','pepper to taste','2015-03-17 03:46:09','2015-03-17 03:46:09'),(772,'13','','dash of taste','2015-03-17 03:47:05','2015-03-17 03:47:05'),(773,'14','','pepper to taste','2015-03-17 03:47:32','2015-03-17 03:47:32'),(774,'15','','dash of pepper','2015-03-17 03:48:10','2015-03-17 03:48:10'),(775,'16','','pepper to taste','2015-03-17 03:48:54','2015-03-17 03:48:54'),(776,'17','','dash of Lucky Me! NamNam Original','2015-03-17 03:49:41','2015-03-17 03:49:41'),(777,'18','','pepper to taste','2015-03-17 03:50:30','2015-03-17 03:50:30'),(778,'19','','dash of pepper','2015-03-17 03:50:45','2015-03-17 03:50:45'),(779,'20','','pepper to taste','2015-03-17 03:51:43','2015-03-17 03:51:43'),(780,'21','','pepper to taste','2015-03-17 03:52:08','2015-03-17 03:52:08'),(781,'22','','pepper to taste','2015-03-17 03:53:06','2015-03-17 03:53:06'),(782,'23','','pepper to taste','2015-03-17 03:53:25','2015-03-17 03:53:25'),(783,'24','','pepper to taste','2015-03-17 03:54:29','2015-03-17 03:54:29'),(784,'25','','pepper to taste','2015-03-17 03:55:05','2015-03-17 03:55:05'),(785,'26','','pepper to taste','2015-03-17 03:55:48','2015-03-17 03:55:48'),(786,'27','','pepper to taste','2015-03-17 03:56:05','2015-03-17 03:56:05'),(787,'28','','pepper to taste','2015-03-17 03:58:32','2015-03-17 03:58:32'),(788,'29','','pepper to taste','2015-03-17 04:02:25','2015-03-17 04:02:25'),(789,'30','','pepper to taste','2015-03-17 04:03:02','2015-03-17 04:03:02');
/*!40000 ALTER TABLE `ingredients` ENABLE KEYS */;
UNLOCK TABLES;

--
-- Table structure for table `migrations`
--

DROP TABLE IF EXISTS `migrations`;
/*!40101 SET @saved_cs_client     = @@character_set_client */;
/*!40101 SET character_set_client = utf8 */;
CREATE TABLE `migrations` (
  `migration` varchar(255) COLLATE utf8_unicode_ci NOT NULL,
  `batch` int(11) NOT NULL
) ENGINE=InnoDB DEFAULT CHARSET=utf8 COLLATE=utf8_unicode_ci;
/*!40101 SET character_set_client = @saved_cs_client */;

--
-- Dumping data for table `migrations`
--

LOCK TABLES `migrations` WRITE;
/*!40000 ALTER TABLE `migrations` DISABLE KEYS */;
INSERT INTO `migrations` VALUES ('2014_12_02_061446_create_cms_users_table',1),('2014_12_03_035951_create_settings_table',1),('2014_12_03_045649_create_dear_bossing_table',1),('2014_12_03_061744_create_homepage_sliders_table',1),('2014_12_04_051623_create_products_table',1),('2014_12_04_095719_create_recipes_table',1),('2014_12_04_105133_create_badges_table',1),('2014_12_04_113025_create_ratings_table',1),('2014_12_04_120520_create_ingredients_table',1),('2014_12_04_121400_create_procedures_table',1),('2014_12_30_050808_create_categories_table',1);
/*!40000 ALTER TABLE `migrations` ENABLE KEYS */;
UNLOCK TABLES;

--
-- Table structure for table `procedures`
--

DROP TABLE IF EXISTS `procedures`;
/*!40101 SET @saved_cs_client     = @@character_set_client */;
/*!40101 SET character_set_client = utf8 */;
CREATE TABLE `procedures` (
  `id` int(10) unsigned NOT NULL AUTO_INCREMENT,
  `recipe_id` varchar(255) COLLATE utf8_unicode_ci NOT NULL,
  `item` mediumtext COLLATE utf8_unicode_ci NOT NULL,
  `name` varchar(255) COLLATE utf8_unicode_ci NOT NULL,
  `created_at` timestamp NOT NULL DEFAULT '0000-00-00 00:00:00',
  `updated_at` timestamp NOT NULL DEFAULT '0000-00-00 00:00:00',
  PRIMARY KEY (`id`)
) ENGINE=InnoDB AUTO_INCREMENT=297 DEFAULT CHARSET=utf8 COLLATE=utf8_unicode_ci;
/*!40101 SET character_set_client = @saved_cs_client */;

--
-- Dumping data for table `procedures`
--

LOCK TABLES `procedures` WRITE;
/*!40000 ALTER TABLE `procedures` DISABLE KEYS */;
INSERT INTO `procedures` VALUES (3,'2','Put a large pot of salted water on the stove over high heat. If you taste the water after dissolving the salt it should taste pretty salty. This flavors the pasta. Whatever you do, do not add oil to the water. This is done to keep the noodles from sticking together while boiling, but it will also keep your pasta sauce form sticking to the noodles when you eat it.','Step 1','2015-01-11 19:38:09','2015-01-11 19:38:09'),(4,'2','Add the bacon to a pan over medium high heat and fry until a good amount of fat has rendered out of the bacon. Add the ground beef and brown it, breaking up the meat with a spatula until it\'s cooked. Transfer the meat to a bowl, leaving as much of the fat as you can in the pan.\r\n\r\nTurn down the heat to medium low. You should have about a tablespoon of rendered fat in the pan, if you have significantly more or less, dump some out or add some olive oil. Add the onions, carrot and garlic, and sauté until the onions are soft and the mixture is about 1/3 of its original volume. Depending on how small you diced your onions, this should take anywhere from 10 to 15 minutes. This is where your sauce gets a lot of its flavor, so don\'t skimp on time.\r\n\r\nTurn up the heat to high, then return the meat to the pan. Add the white wine and boil until there\'s almost no liquid left, stirring to prevent burning. This not only burns off the alcohol, it concentrates the flavor of the wine.\r\n\r\nTurn down the heat to medium-low and add the canned tomatoes, ketchup, salt and pepper. Put the oregano in the palm of your hand, and then use your other hand to rub the oregano in a circular motion to crush it into a powder before adding it to the pan. Us a spatula to break up the tomatoes, being careful not squirt tomato juice on yourself.\r\n\r\n','Step 2','2015-01-11 19:39:20','2015-01-11 19:39:20'),(5,'2','By now your water should be boiling. Add your pasta and stir during the first few minutes of cooking to keep it from sticking together. I usually boil pasta for 1 minute less than what the package directions say (i.e. 8 minutes instead of 9).','Step 3','2015-01-11 19:40:08','2015-01-11 19:40:08'),(6,'2','Your meat sauce is done when your pasta is done. You can either plate the pasta and top with sauce, or personally I like to dump the pasta straight into the sauce and toss it together before serving.','Step 4','2015-01-11 19:40:21','2015-01-11 19:40:21'),(7,'3','Fry potatoes in 2 tablespoons oil. Set aside.','Step 1','2015-01-12 02:09:00','2015-01-12 02:09:00'),(8,'3','In the same pan, add 1 tablespoon oil then Stir-Fry liver spread and beef until both sides of meat are brown. Add 2 cups water. Cover and Simmer for 45 minutes or until tender. Retain only 1 cup broth (or add water to make 1 cup broth).','Step 2','2015-01-12 02:09:14','2015-01-12 02:09:14'),(9,'3','Add DEL MONTE Quick n Easy Caldereta Sauce, siling labuyo and cheese. Simmer for 5 minutes then add bell pepper and green peas. Simmer for another 3 minutes. Stir in fried potatoes.','Step 3','2015-01-12 02:09:25','2015-01-12 02:09:25'),(10,'4','Sauté pork until brown. Add carrot, potato and 2 teaspoons patis. Cook for 5 minutes.','Step 1','2015-01-12 02:15:47','2015-01-12 02:15:47'),(11,'4','Add DEL MONTE Menudo Sauce, raisins and ¼ teaspoon pepper. Cook for 5 minutes. Add green peas. Cook for 2 minutes.','Step 2','2015-01-12 02:16:01','2015-01-12 02:16:01'),(12,'4','Serve with saba, rice and eggs if desired.','Step 3','2015-01-12 02:16:14','2015-01-12 02:16:14'),(13,'5','Heat olive oil. Sauté garlic, onion, carrot, squid and shrimps for 2 minutes over high heat. Sprinkle with lemon/ calamansi juice and salt and pepper to taste. Remove from pan. Set aside.','Step 1','2015-01-12 02:24:08','2015-01-12 02:24:08'),(14,'5','In the same pan with 2 tbsp olive oil, Stir-fry fish and half of the basil.','Step 2','2015-01-12 02:24:19','2015-01-12 02:24:19'),(15,'5','Add DEL MONTE Spaghetti Sauce. Cover and Simmer for 5 minutes, stirring occasionally. Add shrimp-squid mixture and remaining chopped basil. Season with salt and pepper to taste. Allow to Simmer.','Step 3','2015-01-12 02:24:29','2015-01-12 02:24:29'),(16,'5','Mix with or pour over cooked DEL MONTE Spaghetti. Top with cheese.','Step 4','2015-01-12 02:24:48','2015-01-12 02:24:48'),(17,'6','Sauté garlic and onion in butter for 2 minutes. Add chicken, mushrooms, bouillon cubes and flour. Sauté for 2 minutes.','Step 1','2015-01-12 02:30:01','2015-01-12 02:30:01'),(18,'6','Add squash and basil.  Sauté for 2 minutes. Add 3½ cups water and DEL MONTE Spaghetti Sauce. Allow to boil then add DEL MONTE Macaroni.  Simmer for 8 minutes.','Step 2','2015-01-12 02:30:09','2015-01-12 02:30:09'),(19,'6','','Step 3','2015-01-12 02:30:16','2015-01-12 02:30:16'),(20,'6','Add mixed vegetables, ¼ teaspoon iodized fine salt (or ¼ tablespoon iodized rock salt) and ⅛ teaspoon pepper. Simmer for 2 minutes.','Step 3','2015-01-12 02:30:17','2015-01-12 02:30:17'),(21,'7','Season pork with 1 tsp fine salt and ¼ tsp pepper.  ','Step 1','2015-01-12 02:36:20','2015-01-12 02:36:20'),(22,'7','Mix all ingredients except pork and leeks. Shake in a covered jar to blend well. Pour into meat and marinate for 1 hour in the ref. Drain meat but reserve marinade.','Step 2','2015-01-12 02:36:26','2015-01-12 02:36:26'),(23,'7','Pan- grill in oil just to brown. Add marinade, cover and simmer until tender.','Step 3','2015-01-12 02:36:38','2015-01-12 02:36:38'),(24,'7','Top with leeks.','Step 4','2015-01-12 02:36:48','2015-01-12 02:36:48'),(25,'8','Stuff the chicken with tanglad, onion and DEL MONTE Pineapple Tidbits. Seal opening  with  toothpicks.','Step 1','2015-01-12 02:42:06','2015-01-12 02:42:06'),(26,'8','Rub chicken with salt and pepper, then add pineapple syrup. Cover and refrigerate overnight. ','Step 2','2015-01-12 02:42:12','2015-01-12 02:42:12'),(27,'8','In a steamer with 3 cups water, add ginger and marinade from chicken. Steam chicken for 1 hour. Drain and allow to cool.','Step 3','2015-01-12 02:42:19','2015-01-12 02:42:19'),(28,'8','Heat oil in a casserole. Deep-fry chicken until golden brown. Remove toothpicks and serve.','Step 4','2015-01-12 02:42:33','2015-01-12 02:42:33'),(29,'9','Saute garlic, onion and chicken in 1 tablespoon oil for 10 minutes. Add DEL MONTE Curry mixture and salt to taste.','Step 1','2015-01-12 02:48:24','2015-01-12 02:48:24'),(30,'9','Simmer uncovered over medium heat, with occasional stirring for 15 minutes or until chicken is cooked.','Step 2','2015-01-12 02:48:29','2015-01-12 02:48:29'),(31,'9','Add potatoes, carrots, bell pepper and siling labuyo. Simmer for 5 minutes or until sauce thickens.','Step 3','2015-01-12 02:48:41','2015-01-12 02:48:41'),(32,'10','Sauté onion , ginger and chicken in 1 tablespoon oil for 5 minutes. Add patis, DEL MONTE Tomato Sauce and 1 cup water. Cover and Simmer for 10 minutes','Step 1','2015-01-12 02:52:45','2015-01-12 02:52:45'),(33,'10','Add sitaw, sili, and banana heart. Simmer for another 5 minutes or until vegetables are tender.','Step 2','2015-01-12 02:52:52','2015-01-12 02:52:52'),(34,'10','Add sinigang mix, stir then add cabbage to cook .','Step 3','2015-01-12 02:53:01','2015-01-12 02:53:01'),(35,'11','Place 5 cups of water and beef in a pressure cooker, and cook for one hour.','Step 1','2015-03-13 03:46:46','2015-03-13 03:46:46'),(36,'11','After an hour, stabilize the pressure cooker and open.  Pour 1 cup of water, and add potato, onion, ginger and peppercorn. Boil until potato is tender.','Step 2','2015-03-13 03:47:07','2015-03-13 03:47:07'),(37,'11','Lower the heat, and add patis, cabbage and baguio beans. ','Step 3','2015-03-13 03:47:20','2015-03-13 03:47:20'),(38,'11','Season with Lucky Me! NamNam Original and pepper while simmering. Stir for another 30 seconds.  Serve hot and enjoy!','Step 4','2015-03-13 03:47:34','2015-03-13 03:47:34'),(39,'12','Place water, onion, ginger and tomato in a pot,and place pot over medium heat.','Step 1','2015-03-13 03:52:47','2015-03-13 03:52:47'),(40,'12','Once the water is simmering, add tuna, spring onion and lemon grass. Simmer for 7 minutes.','Step 2','2015-03-13 03:52:58','2015-03-13 03:52:58'),(41,'12','Add patis, a dash of pepper and malunggay. ','Step 3','2015-03-13 03:53:13','2015-03-13 03:53:13'),(42,'12','Add Lucky Me! NamNam Original and pepper then stir and simmer for a minute. Serve hot and enjoy!','Step 4','2015-03-13 03:53:24','2015-03-13 03:53:24'),(43,'13','Heat cooking oil in a pan. Sauté garlic and onion in the pan until the garlic is golden and the onion is translucent.','Step 1','2015-03-13 04:04:52','2015-03-13 04:04:52'),(44,'13','Add the shrimps, sayote and carrots , and cook until the shrimps are pink.','Step 2','2015-03-13 04:05:07','2015-03-13 04:05:07'),(45,'13','Mix in the water, soy sauce, Lucky Me! NamNam Original, wansoy, sweet peas and cabbage. Cook until the ingredients are well incorporated.','Step 3','2015-03-13 04:05:17','2015-03-13 04:05:17'),(46,'13','Set the vegetables aside, leaving the liquid in the pan.','Step 4','2015-03-13 04:05:33','2015-03-13 04:05:33'),(47,'13','Add the bihon noodles ,and let it cook in the liquid.','Step 5','2015-03-13 04:05:51','2015-03-13 04:05:51'),(48,'13','Once cooked, garnish with the vegetables previously set aside and with black pepper. Serve hot and  enjoy!','Step 6','2015-03-13 04:06:07','2015-03-13 04:06:07'),(49,'14','Heat oil in a pan. Saute onion and garlic in the pan until  the onion is translucent and the garlic is golden.','Step 1','2015-03-13 04:13:35','2015-03-13 04:13:35'),(50,'14','Add the ground pork and sauté until cooked.','Step 2','2015-03-13 04:13:42','2015-03-13 04:13:42'),(51,'14','Mix in the sayote and carrots. Cook until the vegetables are slightly tender.','Step 3','2015-03-13 04:13:54','2015-03-13 04:13:54'),(52,'14','Add kamote tops, and season with Lucky Me! NamNam Original and pepper. Serve hot and enjoy!','Step 4','2015-03-13 04:14:18','2015-03-13 04:14:18'),(56,'15','Step 1\r\nIn a tupperware, combine garlic, vinegar, Lucky Me! \r\n\r\nStep 2\r\nNamNam Original, liempo, and pepper.\r\n\r\nStep 3\r\nMix the ingredients and let liempo marinate. Refrigerate tupperware for about 3 hours.\r\n\r\nStep 4\r\nAfter marinating, prepare griller by brushing it with oil and heating it.\r\n\r\nStep 5\r\nPlace the liempo on the griller and cook until done.','Liempo','2015-03-13 04:29:08','2015-03-13 04:29:08'),(57,'15','Step 1\r\nPrepare sauce by combining all ingredients in a bowl. Mix well and serve with the grilled liempo. Enjoy!\r\n','Liempo Sauce','2015-03-13 04:29:49','2015-03-13 04:29:49'),(58,'16','Heat the oil in a pan. Sauté garlic, onion and ginger until  the garlic is golden, the onion is translucent and the ginger is aromatic.','Step 1','2015-03-13 05:55:57','2015-03-13 05:55:57'),(59,'16','Add both malagkit and regular rice, water and kasubha. Boil until rice is cooked.','Step 2','2015-03-13 05:56:10','2015-03-13 05:56:10'),(60,'16','Once cooked, add Lucky Me! NamNam Original and pepper then stir. Serve hot and enjoy!','Step 3','2015-03-13 05:56:20','2015-03-13 05:56:20'),(65,'17','Slice potatoes diagonally to make french fries. Soak the sliced potatoes in water for a while.','Step 1','2015-03-13 06:20:23','2015-03-13 06:20:23'),(66,'17','Drain the potatoes. Add Lucky Me! NamNam Original to the potatoes and mix well to coat each slice. Freeze fries for 4 hours.','Step 2','2015-03-13 06:20:42','2015-03-13 06:20:42'),(67,'17','Deep fry frozen fries until golden. Once ready to serve, add a dash of pepper, a dash of Lucky Me! NamNam Original and  a dash of dried parsley. Serve hot and enjoy!','Step 3','2015-03-13 06:20:54','2015-03-13 06:20:54'),(68,'18','Heat oil in a pan and fry the tuyo. Set the tuyo aside and shred  the tuyo meat.','Step 1','2015-03-13 06:40:20','2015-03-13 06:40:20'),(69,'18','Using the same pan, sauté garlic until golden.','Step 2','2015-03-13 06:40:31','2015-03-13 06:40:31'),(70,'18','Add the rice, egg, Lucky Me! NamNam Original, spring onion, pepper and cooked tuyo.  Serve hot and enjoy!','Step 3','2015-03-13 06:40:42','2015-03-13 06:40:42'),(71,'19','Heat cooking oil in a pot. Sauté garlic and onion until the garlic is golden and the onion is translucent.','Step 1','2015-03-13 06:56:44','2015-03-13 06:56:44'),(72,'19','Add chicken pieces. Continue sautéing until the chicken has browned.','Step 2','2015-03-13 06:56:59','2015-03-13 06:56:59'),(73,'19','Mix in soy sauce slowly so that the saltiness can be adjusted to taste. Add peppercorn. Simmer for 5 minutes.','Step 3','2015-03-13 06:57:15','2015-03-13 06:57:15'),(74,'19','Pour in vinegar and continue to simmer for another 5 minutes. Do not mix until acidity has evaporated.','Step 4','2015-03-13 06:57:34','2015-03-13 06:57:34'),(75,'19','Mix in gata, sugar and red chili. Cook until flavors are well combined and sauce slightly thickened and reduced.','Step 5','2015-03-13 06:57:48','2015-03-13 06:57:48'),(76,'19','Add Lucky Me! NamNam Original and a dash of pepper. Serve hot and enjoy!','Step 6','2015-03-13 06:58:11','2015-03-13 06:58:11'),(77,'20','Heat cooking oil in a pot. Sauté garlic and onion until the garlic is golden and  the onion is translucent.','Step 1','2015-03-13 07:09:59','2015-03-13 07:09:59'),(78,'20','Add the following ingredients one at a time: squash, okra, eggplant, ampalaya, string beans and bagoong. Saute until  the ingredients are cooked.','Step 2','2015-03-13 07:10:06','2015-03-13 07:10:06'),(79,'20','Pour in water and let it simmer until the sauce turns slightly thick.','Step 3','2015-03-13 07:10:14','2015-03-13 07:10:14'),(80,'20','Add Lucky Me! NamNam Original and pepper then stir. Top with crushed chicharon before serving. Enjoy!','Step 4','2015-03-13 07:10:27','2015-03-13 07:10:27'),(81,'21','Heat cooking oil in a pot. Sauté garlic and onion until garlic is golden and onion is translucent.','Step 1','2015-03-16 02:42:13','2015-03-16 02:42:13'),(82,'21','Add ginger and chicken. Sauté until chicken has browned.','Step 2','2015-03-16 02:42:28','2015-03-16 02:42:28'),(83,'21','Mix in gata and curry powder. Add patis bit by bit so that the saltiness can be adjusted to taste.','Step 3','2015-03-16 02:42:45','2015-03-16 02:42:45'),(84,'21','Add water and simmer until sauce slightly thickens. Add potato, carrots and bell pepper. Simmer until cooked.','Step 4','2015-03-16 02:42:57','2015-03-16 02:42:57'),(85,'21','Sprinkle with Lucky Me! NamNam Original and pepper. Mix well. Serve hot and enjoy!','Step 5','2015-03-16 02:43:16','2015-03-16 02:43:16'),(86,'22','Heat cooking oil in a pot and sauté garlic and onion until garlic is golden and onion is translucent.','Step 1','2015-03-16 02:55:02','2015-03-16 02:55:02'),(87,'22','Add pork, and sauté until slightly browned.','Step 2','2015-03-16 02:55:16','2015-03-16 02:55:16'),(88,'22','Pour in water and add bay leaf. Simmer until pork is tender.','Step 3','2015-03-16 02:55:27','2015-03-16 02:55:27'),(89,'22','Mix in patis, potato, carrots, bell pepper and raisins. Smmer until vegetables are cooked.','Step 4','2015-03-16 02:55:36','2015-03-16 02:55:36'),(90,'22','Add tomato sauce and sugar. Mix well until flavors are well combined.','Step 5','2015-03-16 02:57:54','2015-03-16 02:57:54'),(91,'22','Sprinkle with Lucky Me! NamNam Original and pepper then stir. Serve hot and enjoy!','Step 6','2015-03-16 02:58:08','2015-03-16 02:58:08'),(92,'23','Heat cooking oil in a pot. Sauté garlic and onion until garlic is golden and onion is translucent.','Step 1','2015-03-16 03:04:50','2015-03-16 03:04:50'),(93,'23','Add pork and sauté until slightly brown.','Step 2','2015-03-16 03:05:16','2015-03-16 03:05:16'),(94,'23','Pour in water. Simmer until pork is tender. Pour in soy sauce and stir. ','Step 3','2015-03-16 03:05:25','2015-03-16 03:05:25'),(95,'23','Pour in vinegar and continue to simmer for another five minutes. Do not mix until acidity has evaporated.','Step 4','2015-03-16 03:05:38','2015-03-16 03:05:38'),(96,'23','Mix in sugar, black beans and star anise. Cook until flavors are well combined.','Step 5','2015-03-16 03:07:14','2015-03-16 03:07:14'),(97,'23','Sprinkle with Lucky Me! NamNam Original and pepper then stir. Serve hot and enjoy!','Step 6','2015-03-16 03:07:25','2015-03-16 03:07:25'),(98,'24','Put beef strips in a pressure cooker with 3 cups of water. Cook for 1 hour.','Step 1','2015-03-16 03:13:15','2015-03-16 03:13:15'),(99,'24','After pressure cooking, set the beef aside. Do not discard broth.','Step 2','2015-03-16 03:13:26','2015-03-16 03:13:26'),(100,'24','Heat oil in another pot. Sauté garlic and onion until garlic is golden and onion is translucent. Add the cooked beef and sauté for a minute.','Step 3','2015-03-16 03:13:37','2015-03-16 03:13:37'),(101,'24','Mix in mushrooms, butter, all-purpose cream, cheese and 3/4 cup broth from the pressure cooker. Stir until everything is well-incorporated and sauce has slightly thickened.','Step 4','2015-03-16 03:13:47','2015-03-16 03:13:47'),(102,'24','Add soy sauce slowly so that the saltiness can be adjusted to taste. ','Step 5','2015-03-16 03:13:59','2015-03-16 03:13:59'),(103,'24','Sprinkle with Lucky Me! NamNam Original and pepper then stir for a few minutes. Serve hot and enjoy!','Step 6','2015-03-16 03:14:10','2015-03-16 03:14:10'),(104,'25','Place beef cubes in a pressure cooker with 4 cups of water. Cook for about an hour or until tender.','Step 1','2015-03-16 03:39:32','2015-03-16 03:39:32'),(105,'25','Remove the beef from the pressure cooker. Set the stock from the cooked beef aside.','Step 2','2015-03-16 03:40:37','2015-03-16 03:40:37'),(106,'25','Heat oil in a pot. Sauté garlic and onion until garlic is golden and onion is translucent.','Step 3','2015-03-16 03:40:44','2015-03-16 03:40:44'),(107,'25','Add cooked beef and stir for a minute . Pour in 2 cups of the stock. Add potato, peas, tomato sauce, liver spread, soy sauce and sugar. Mix well.','Step 4','2015-03-16 03:40:52','2015-03-16 03:40:52'),(108,'25','Add the cheese and stir until it has melted in the dish. Mix in red chili and bell pepper. Cook until the vegetables are tender','Step 5','2015-03-16 03:41:12','2015-03-16 03:41:12'),(109,'25','Sprinkle with Lucky Me! NamNam Original and pepper then stir. Serve hot and enjoy!','Step 6','2015-03-16 03:41:27','2015-03-16 03:41:27'),(110,'26','Put pork, water, onions and tomatoes in a pot. Boil until pork is tender.','Step 1','2015-03-16 04:08:50','2015-03-16 04:08:50'),(111,'26','Add sinigang mix, and let it simmer.','Step 2','2015-03-16 04:09:01','2015-03-16 04:09:01'),(112,'26','Mix in string beans, eggplant, okra, gabi and sili sigang. Simmer until vegetables are slightly tender then add kangkong last. Add patis.','Step 3','2015-03-16 04:09:29','2015-03-16 04:09:29'),(113,'26','Sprinkle with Lucky Me! NamNam Original and pepper then stir. Serve hot and enjoy!','Step 4','2015-03-16 04:09:37','2015-03-16 04:09:37'),(116,'27','Place beef in a pressure cooker with 5 cups  of water . Cook for an hour or until tender.','Step 1','2015-03-16 04:25:34','2015-03-16 04:25:34'),(117,'27','In a separate pot or pressure cooker, boil tripe in another 5 cups of water.','Stp 2','2015-03-16 04:26:05','2015-03-16 04:26:05'),(118,'27','Remove the beef and tripe from their pots. Set aside the beef stock.','Step 3','2015-03-16 04:26:17','2015-03-16 04:26:17'),(119,'27','Heat atsuete oil in a pot. Sauté garlic and onion until garlic is golden and onion is translucent.','Step 4','2015-03-16 04:26:55','2015-03-16 04:26:55'),(120,'27','Add the beef and tripe. Sauté for a minute. Add 4 cups of the beef stock from the pressure cooker. Simmer for 5 minutes.','Step 5','2015-03-16 04:27:05','2015-03-16 04:27:05'),(121,'27','Add peanuts, bagoong and peanut butter. Mix and simmer until ingredients are well-combined. Sprinkle with Lucky Me! NamNam Original and pepper then stir. ','Step 6','2015-03-16 04:27:21','2015-03-16 04:27:21'),(122,'27','Blanch string beans, eggplant, pechay, and banana heart in another pan. Set aside. Serve the vegetables with the kare-kare. Enjoy!','Step 7','2015-03-16 04:27:37','2015-03-16 04:27:37'),(123,'28','Fry bacon in a pan until the fat has rendered. Set the bacon aside.','Step 1','2015-03-16 04:33:57','2015-03-16 04:33:57'),(124,'28','Using the same pan with bacon fat, add butter. Once melted, sauté garlic and onion until garlic is golden and onion is translucent.','Step 2','2015-03-16 04:34:04','2015-03-16 04:34:04'),(125,'28','Add ham, basil and oregano and continue to sauté for a minute.','Step 3','2015-03-16 04:34:13','2015-03-16 04:34:13'),(126,'28','Mix in all-purpose cream, water, parmesan cheese, bacon and mushrooms. Simmer until ingredients are well-combined.','Step 4','2015-03-16 04:34:26','2015-03-16 04:34:26'),(127,'28','Sprinkle with Lucky Me! NamNam Original and pepper then stir. Pour on top of cooked pasta noodles. Serve hot and enjoy!','Step 5','2015-03-16 04:34:46','2015-03-16 04:34:46'),(128,'29','Heat oil in a pot and sauté garlic and onion until garlic is golden and onion is translucent.','Step 1','2015-03-16 04:39:16','2015-03-16 04:39:16'),(129,'29','Add the ham and chicken and sauté until chicken is slightly brown.','Step 2','2015-03-16 04:39:24','2015-03-16 04:39:24'),(130,'29','Mix in the celery, water and evaporated milk and simmer until vegetables are cooked.','Step 3','2015-03-16 04:39:32','2015-03-16 04:39:32'),(131,'29','Add macaroni noodles and continue simmering until macaroni noodles are cooked.','Step 4','2015-03-16 04:39:44','2015-03-16 04:39:44'),(132,'29','Add cabbage. Sprinkle with Lucky Me! NamNam Original and pepper then stir.','Step 5','2015-03-16 04:39:58','2015-03-16 04:39:58'),(133,'29','Serve hot.','Step 6','2015-03-16 04:40:07','2015-03-16 04:40:07'),(134,'30','Heat oil in a pot. Sauté garlic and onion until garlic is golden and onion is translucent.','Step 1','2015-03-16 04:48:37','2015-03-16 04:48:37'),(135,'30','Add pork and continue sautéing until brown. Add water and simmer until tender.','Step 2','2015-03-16 04:48:45','2015-03-16 04:48:45'),(136,'30','Add bagoong and sili sigang. Mix until ingredients are well-incorporated and the sauce has thickened.','Step 3','2015-03-16 04:49:03','2015-03-16 04:49:03'),(137,'30','Mix in fried eggplant. Sprinkle with Lucky Me! NamNam Original then stir. Serve hot and enjoy!','Step 4','2015-03-16 04:49:12','2015-03-16 04:49:12'),(138,'31','Heat the oil in a pan. Sauté garlic until golden brown and onion is translucent.','Step 1','2015-03-16 05:38:52','2015-03-16 05:38:52'),(139,'31','Add  ground pork, sauté until cooked and browned. Mix in curry powder and bell pepper until cooked.','Step 2','2015-03-16 05:39:01','2015-03-16 05:39:01'),(140,'31','Add the rice, Lucky Me! NamNam Tomato, chili flakes and chopped chili.  Add pepper to taste and mix well. Serve hot and enjoy!','Step 3','2015-03-16 05:39:10','2015-03-16 05:39:10'),(141,'32','Heat the oil in a pan. Sauté garlic until golden brown and onion is translucent.','Step 1','2015-03-16 05:51:25','2015-03-16 05:51:25'),(142,'32','Add  shredded tinapa and carrots until cooked','Step 2','2015-03-16 05:51:32','2015-03-16 05:51:32'),(143,'32','Add the rice, Lucky Me! NamNam Tomato, raisins and eggs. Add pepper to taste. Mix well. ','Step 3','2015-03-16 05:51:43','2015-03-16 05:51:43'),(144,'32','Top  dish with pineapple and spring onions. Serve hot and enjoy!','Step 4','2015-03-16 05:51:50','2015-03-16 05:51:50'),(145,'33','Heat the oil in a pan. Sauté garlic until golden brown and onion is translucent.','Step 1','2015-03-16 06:04:42','2015-03-16 06:04:42'),(146,'33','Add  ground beef, sauté until cooked and browned.','Step 2','2015-03-16 06:04:52','2015-03-16 06:04:52'),(147,'33','Mix in carrots, potatoes and tomato sauce until cooked.','Step 3','2015-03-16 06:05:04','2015-03-16 06:05:04'),(148,'33','Add the rice, green peas, raisins and  Lucky Me! NamNam Tomato. Add pepper to taste. Mix well.','Step 4','2015-03-16 06:05:18','2015-03-16 06:05:18'),(149,'33','Add fried saba and fried egg on the side. Serve hot and enjoy!','Step 5','2015-03-16 06:05:41','2015-03-16 06:05:41'),(150,'34','Heat cooking oil in a pan. Add atchuete seeds and saute. Once the oil turns red, remove the atchuete seeds.','Step 1','2015-03-16 06:21:57','2015-03-16 06:21:57'),(151,'34','In the same pan with atchuete oil, saute the garlic and onion until the garlic is golden and onion is translucent.','Step 2','2015-03-16 06:22:04','2015-03-16 06:22:04'),(152,'34','Add the bellpepper, shrimps, and mussels. Saute until cooked.','Step 3','2015-03-16 06:22:27','2015-03-16 06:22:27'),(153,'34','Mix in the rice, water, and Lucky Me! NamNam Tomato. Mix and cover the pan. Let it simmer.','Step 4','2015-03-16 06:22:36','2015-03-16 06:22:36'),(154,'34','Add calamansi juice and patis. Cover for another five minutes.','Step 5','2015-03-16 06:22:46','2015-03-16 06:22:46'),(155,'34','Place squid rings on top of the rice. Cover again for a few minutes. Check if the water has dried out. If so, add 1/2 cup of water.','Step 6','2015-03-16 06:22:57','2015-03-16 06:22:57'),(156,'34','Add green peas and pepper to taste. Let it simmer while covered until the rice is cooked. Serve hot and enjoy!','Step 7','2015-03-16 06:23:06','2015-03-16 06:23:06'),(157,'35','Heat the oil in a pan. Sauté garlic until golden brown and onion is translucent.','Step 1','2015-03-16 06:30:14','2015-03-16 06:30:14'),(158,'35','Add ground pork and cook until toasted brown and all liquid has evaporated.','Step 2','2015-03-16 06:30:23','2015-03-16 06:30:23'),(159,'35','Add water, carrots and potatoes. Simmer until tender (around 15 to 20 minutes).','Step 3','2015-03-16 06:30:30','2015-03-16 06:30:30'),(160,'35','Add Lucky Me! NamNam Tomato.  If desired, green peas or raisins may be added.  Add sugar and pepper to taste','Step 4','2015-03-16 06:30:43','2015-03-16 06:30:43'),(161,'35','Mix well and simmer for 5 to 10 minutes. Serve hot and enjoy!','Step 5','2015-03-16 06:30:55','2015-03-16 06:30:55'),(162,'36','Heat the cooking oil in a pan and saute the onion and garlic until the onion is translucent and garlic is golden.','Step 1','2015-03-16 06:39:54','2015-03-16 06:39:54'),(163,'36','Saute the tuyo until cooked. Add the pechay and water.','Step 2','2015-03-16 06:40:02','2015-03-16 06:40:02'),(164,'36','Sprinkle Lucky Me! NamNam Tomato and pepper to taste. Simmer. Serve hot andenjoy!','Step 3','2015-03-16 06:40:12','2015-03-16 06:40:12'),(165,'37','Heat the cooking oil in a pan and saute the onion and garlic until the onion is translucent and garlic is golden.','Step 1','2015-03-16 06:43:45','2015-03-16 06:43:45'),(166,'37','Saute the liempo strips until brown. Mix in the ampalaya, water, and egg. Stir gently.','Step 2','2015-03-16 06:43:51','2015-03-16 06:43:51'),(167,'37','Sprinkle Lucky Me! NamNam Tomato and pepper to taste. Mix well and simmer. Serve hot and enjoy!','Step 3','2015-03-16 06:44:01','2015-03-16 06:44:01'),(168,'38','Boil the monggo in 7 cups of water until tender. Set the monggo aside.','Step 1','2015-03-16 06:47:47','2015-03-16 06:47:47'),(169,'38','Heat the cooking oil in a pan. Saute the onion and garlic until the onion is translucent and garlic is golden. ','Step 2','2015-03-16 06:47:55','2015-03-16 06:47:55'),(170,'38','Add the pork and let it brown. Mix in the hibe, boiled monggo, and the 1 1/2 cups of water. Let it boil until ingredients are cooked.','Step 3','2015-03-16 06:48:04','2015-03-16 06:48:04'),(171,'38','Add the malunggay leaves, patis, Lucky Me! NamNam Tomato, and pepper. Simmer. Serve hot and enjoy!','Step 4','2015-03-16 06:48:21','2015-03-16 06:48:21'),(172,'39','Heat oil in a pan saute onion until translucent.  Add water and simmer for a few minutes.','Step 1','2015-03-16 06:56:17','2015-03-16 06:56:17'),(173,'39','Pour beaten eggs gently to the simmering water and slowy stir. Mix until well  incorporated.','Step 2','2015-03-16 06:56:23','2015-03-16 06:56:23'),(174,'39','Place sugar and Lucky Me! NamNam Tomato and mix. Place in fried fish and let simmer for few seconds.','Step 3','2015-03-16 06:56:31','2015-03-16 06:56:31'),(175,'39','Sprinkle with spring onions and pepper to taste. Serve hot.','Step 4','2015-03-16 06:56:40','2015-03-16 06:56:40'),(181,'40','Heat cooking oil in a pot. Sauté garlic and onion until garlic is golden and onion is translucent. ','Step 1','2015-03-16 07:40:25','2015-03-16 07:40:25'),(182,'40','Add pork strips and cook until browned.','Step 2','2015-03-16 07:40:33','2015-03-16 07:40:33'),(183,'40','Add the following ingredients one at a time: kalabasa, okra, talong, ampalaya, sitaw and bagoong. Saute until ingredients are cooked.','Step 3','2015-03-16 07:47:11','2015-03-16 07:47:11'),(184,'40','Pour in water and let it simmer until sauce slightly thickens.','Step 4','2015-03-16 07:50:33','2015-03-16 07:50:33'),(185,'40','Add Lucky Me! NamNam Tomato and pepper and stir. Serve hot and enjoy!','Step 5','2015-03-16 07:50:42','2015-03-16 07:50:42'),(186,'41','Heat cooking oil in a pan. Saute garlic and onion until garlic is golden and onion is translucent.','Step 1','2015-03-16 08:11:50','2015-03-16 08:11:50'),(187,'41','Add pusit and saute. Mix in soy sauce and pepper corn. Simmer.','Step 2','2015-03-16 08:12:05','2015-03-16 08:12:05'),(188,'42','Heat the oil in a pan. Sauté garlic until golden brown and onion is translucent.','Step 1','2015-03-16 08:18:54','2015-03-16 08:18:54'),(189,'42','Mix in carrots, bell pepper and ginger until cooked.','Step 2','2015-03-16 08:19:10','2015-03-16 08:19:10'),(190,'42','Add water and sugar simmer for 30s seconds. Add in vinegar and do not stir until acid from vinegar has evaporated.','Step 3','2015-03-16 08:19:29','2015-03-16 08:19:29'),(191,'42','Add tomato sauce and  Lucky Me! NamNam Tomato. Pour in cornstarch-water mixture and stir continously until thick. Add pepper to taste. Mix well and serve hot with desired meats (fried fish, meat balls, etc.). Enjoy!','Step 4','2015-03-16 08:19:44','2015-03-16 08:19:44'),(194,'43','Heat the oil in a pan. Sauté garlic until golden brown and onion is translucent.','Step 1','2015-03-16 08:31:44','2015-03-16 08:31:44'),(195,'43','Mix in carrots, bell pepper and ginger until cooked. ','Step 2','2015-03-16 08:32:18','2015-03-16 08:32:18'),(196,'43','Add water and sugar simmer for 30 seconds. Add in vinegar and do not stir until acid from the vinegar has evaporated.','Step 3','2015-03-16 08:32:25','2015-03-16 08:32:25'),(197,'43','Add  Lucky Me! NamNam Tomato. Pour in cornstarch-water mixture and stir continously until thick.  Add pepper to taste. Mix well and serve hot with desired meats (fried fish, meat balls, etc.).  Enjoy!','Step 4','2015-03-16 08:32:33','2015-03-16 08:32:33'),(198,'44','Heat cooking oil in a pot and sauté garlic and onion until garlic is golden and onion is translucent.','Step 1','2015-03-16 08:37:11','2015-03-16 08:37:11'),(199,'44','Add pork and sauté until slightly browned.','Step 2','2015-03-16 08:37:17','2015-03-16 08:37:17'),(200,'44','Pour in water and add bay leaf. Simmer until pork is tender.','Step 3','2015-03-16 08:37:25','2015-03-16 08:37:25'),(201,'44','Mix in tomato sauce, potato, carrots, peas, raisins and bell pepper and simmer until vegetables are cooked. Mix well until flavors are well combined.','Step 4','2015-03-16 08:37:33','2015-03-16 08:37:33'),(202,'44','Add Lucky Me! NamNam Tomato and pepper and stir. Serve hot and enjoy!','Step 5','2015-03-16 08:37:43','2015-03-16 08:37:43'),(203,'46','Heat cooking oil in a pot. Sauté garlic and onion until garlic is golden and onion is translucent.','Step 1','2015-03-16 08:45:53','2015-03-16 08:45:53'),(204,'46','Add pork and sauté until slightly browned.','Step 2','2015-03-16 08:46:02','2015-03-16 08:46:02'),(205,'46','Pour in water and add bay leaf. Simmer until pork is tender.','Step 3','2015-03-16 08:46:09','2015-03-16 08:46:09'),(206,'46','Mix in potato, carrots,peas,raisins and bell pepper and simmer until vegetables are cooked. Mix well until flavors are well combined.','Step 4','2015-03-16 08:46:17','2015-03-16 08:46:17'),(207,'46','Pour in cornstarch-water mixture and stir well. When sauce has thickened, sprinkle with Lucky Me! Namnam and pepper and stir. Serve hot and enjoy!','Step 5','2015-03-16 08:46:25','2015-03-16 08:46:25'),(208,'47','Heat cooking oil in a pot. Sauté garlic and onion until garlic is golden and onion is translucent.','Step 1','2015-03-16 08:50:56','2015-03-16 08:50:56'),(209,'47','Add chicken and sauté until slightly browned.','Step 2','2015-03-16 08:51:12','2015-03-16 08:51:12'),(210,'47','Pour in water and add bay leaf. Simmer until chicken is tender.','Step 3','2015-03-16 08:51:19','2015-03-16 08:51:19'),(211,'47','Mix in tomato sauce, potato, carrots, hotdog and bell pepper and simmer until vegetables are cooked. Mix well until flavors are well combined.','Step 4','2015-03-16 08:52:29','2015-03-16 08:52:29'),(212,'47','Add Lucky Me! NamNam Tomato and pepper and stir. Serve hot and enjoy!','Step 5','2015-03-16 08:52:36','2015-03-16 08:52:36'),(213,'48','Heat cooking oil in a pot and sauté garlic and onion until garlic is golden and onion is translucent.','Step 1','2015-03-16 08:57:05','2015-03-16 08:57:05'),(214,'48','Add chicken and sauté until slightly browned.','Step 2','2015-03-16 08:57:12','2015-03-16 08:57:12'),(215,'48','Pour in water and add bayleaf, carrots, potatoes and bell pepper and simmer until vegetables are cooked.','Step 3','2015-03-16 08:57:56','2015-03-16 08:57:56'),(216,'48','Mix well until flavors are well combined. Add hotdog and stir until cooked.','Step 4','2015-03-16 08:58:02','2015-03-16 08:58:02'),(217,'48','Pour in diluted cornstarch and stir well. When sauce has thickened, sprinkle with Lucky Me! NamNam Tomato and pepper and stir. Serve hot and enjoy!','Step 5','2015-03-16 08:58:10','2015-03-16 08:58:10'),(218,'49','Put beef in pressure cooker with 8 cups of water and beef in a pressure cooker. Cook for 1 1/2 hours.','Step 1','2015-03-16 09:03:33','2015-03-16 09:03:33'),(219,'49','Gently open the pressure cooker. In the same pressure cooker with the beef, add 1 cup of water,  onion, camote, saba, garbanzos, sugar, and pork and beans. Let it simmer until camote is tender.','Step 2','2015-03-16 09:03:40','2015-03-16 09:03:40'),(220,'49','Add the cabbage and baguio beans. Season with pepper, patis and Lucky Me! NamNam Tomato. Mix well. Serve hot and enjoy!','Step 3','2015-03-16 09:03:48','2015-03-16 09:03:48'),(221,'50','Put beef in pressure cooker with 4 cups water. Cook for about an hour or until tender.','Step 1','2015-03-16 09:18:20','2015-03-16 09:18:20'),(222,'50','Remove the beef from the pressure cooker and set the stock aside.','Step 2','2015-03-16 09:18:27','2015-03-16 09:18:27'),(223,'50','Heat oil in a pot. Sauté garlic and onion until garlic is golden and onion is translucent.','Step 3','2015-03-16 09:18:37','2015-03-16 09:18:37'),(224,'50','Add beef and stir for a minute. Pour in 2 cups stock from the pressure cooker. Add potato, carrots,bell pepper , tomato sauce and liver spread. Mix well.','Step 4','2015-03-16 09:20:07','2015-03-16 09:20:07'),(225,'50','Cook until the vegetables are tender. Sprinkle with Lucky Me! NamNam Tomato and add chili flakes, pepper and stir. Serve hot and enjoy!','Step 5','2015-03-16 09:20:15','2015-03-16 09:20:15'),(226,'51','Put tuna slices, water, and salt in a pot. Brine the tuna slices for 15 minutes. Remove the tuna from the salt water.','Step 1','2015-03-16 09:25:40','2015-03-16 09:25:40'),(227,'51','In a pan, heat oil. Saute garlic and onion until garlic is golden and onion is translucent.','Step 2','2015-03-16 09:25:49','2015-03-16 09:25:49'),(228,'51','Add the tuna slices and saute. Mix in the bellpepper, tomato sauce, water, mushroom, and olives. Mix and simmer.','Step 3','2015-03-16 09:25:57','2015-03-16 09:25:57'),(229,'51','Season with Lucky Me! NamNam Tomato and pepper. Serve hot and enjoy!','Step 4','2015-03-16 09:26:07','2015-03-16 09:26:07'),(230,'52','Heat cooking oil in a pan. Saute garlic, onion and potato until garlic is golden, onion is translucent and potato slightly browned.','Step 1','2015-03-16 09:33:17','2015-03-16 09:33:17'),(231,'52','Mix in the corned beef and saute. Pour in water, patis, and Lucky Me! NamNam Tomato. Mix and simmer.','Step 2','2015-03-16 09:33:25','2015-03-16 09:33:25'),(232,'52','Add the cabbage and simmer just until cooked. Season with pepper. Serve hot and enjoy!','Step 3','2015-03-16 09:33:34','2015-03-16 09:33:34'),(233,'53','Heat oil in a pot. Saute onion and garlic, until onion is translucent.','Step 1','2015-03-16 09:46:08','2015-03-16 09:46:08'),(234,'53','Pour in water and add kalabasa, and okra. Let simmer for a few minutes until kalabasa is tender.','Step 2','2015-03-16 09:46:15','2015-03-16 09:46:15'),(235,'53','Add ginger, sitaw, talong and sili sigang. Allow to simmer for a few minutes. ','Step 3','2015-03-16 09:46:35','2015-03-16 09:46:35'),(236,'53','Add Lucky Me! NamNam Tomato, patis and season with pepper to taste. Add malunggay leaves and simmer for a minute. Serve hot. and enjoy!','Step 4','2015-03-16 09:47:17','2015-03-16 09:47:17'),(237,'54','Put water, sliced kamias, and onion in a pot. Let simmer.','Step 1','2015-03-16 09:54:13','2015-03-16 09:54:13'),(238,'54','Once simmering, add the tilapia pieces. Continue to simmer until fish is cooked.','Step 2','2015-03-16 09:54:26','2015-03-16 09:54:26'),(239,'54','Season with Lucky Me! NamNam Tomato, patis, and pepper.  Serve hot and enjoy!','Step 3','2015-03-16 09:54:33','2015-03-16 09:54:33'),(240,'55','Heat the cooking oil in a pan and saute the onion and garlic until the onion is translucent and garlic is golden. ','Step 1','2015-03-16 10:01:56','2015-03-16 10:01:56'),(241,'55','Add the ground pork and saute until brown.','Step 2','2015-03-16 10:02:09','2015-03-16 10:02:09'),(242,'55','Mix in the water, miswa, patola, and patis. Let it simmer until miswa and patola are cooked.','Step 3','2015-03-16 10:02:16','2015-03-16 10:02:16'),(243,'55','Sprinkle the Lucky Me! NamNam Tomato and pepper to taste. Simmer. Serve hot and enjoy!','Step 4','2015-03-16 10:02:48','2015-03-16 10:02:48'),(244,'56','Put pata and water in a pot. Boil until pata is tender.','Step 1','2015-03-16 10:08:37','2015-03-16 10:08:37'),(245,'56','When pata is tender, add kadyos and langka in the pot. Continue to simmer.','Step 2','2015-03-16 10:08:45','2015-03-16 10:08:45'),(246,'56','Mix in tamarind powder, lemon grass, Lucky Me! NamNam Tomato, and patis. Simmer until ingredients are well incorporated.','Step 3','2015-03-16 10:08:56','2015-03-16 10:08:56'),(247,'56','Add talbos ng kamote leaves. Simmer until cooked. Flavor with pepper. Serve hot and enjoy!','Step 4','2015-03-16 10:09:03','2015-03-16 10:09:03'),(248,'57','Put water, onion, kamias, and pork in a pot and cook over medium heat. Let simmer until pork is tender.','Step 1','2015-03-16 10:16:59','2015-03-16 10:16:59'),(249,'57','Once pork is tender, add gabi, talong, sitaw, okra, kangkong and sili pansigang. Simmer until vegegetables are cooked. ','Step 2','2015-03-16 10:17:09','2015-03-16 10:17:09'),(250,'57','Add Lucky Me! NamNam Tomato, patis and pepper to taste and stir and simmer for a minute. Serve hot and enjoy!','Step 3','2015-03-16 10:17:16','2015-03-16 10:17:16'),(251,'58','Heat the oil in a pot. Sauté garlic until golden brown and onion is translucent and ginger is aromatic.','Step 1','2015-03-16 10:21:38','2015-03-16 10:21:38'),(252,'58','Add water  and simmer for few seconds. Add fish and simmer until cooked ','Step 2','2015-03-16 10:21:45','2015-03-16 10:21:45'),(253,'58','Add tanglad, spring onion, Lucky Me! NamNam Tomato and patis. Mix and simmer.','Step 3','2015-03-16 10:21:52','2015-03-16 10:21:52'),(254,'58','Remove from heat and place malunggay leaves. Let it sit for a while. Mix well. Add pepper to taste. Serve hot and enjoy','Step 4','2015-03-16 10:22:02','2015-03-16 10:22:02'),(255,'59','Heat the cooking oil in a pa. Saute the onion and garlic until the onion is translucent and garlic is golden. ','Step 1','2015-03-16 10:25:51','2015-03-16 10:25:51'),(256,'59','Add the ginger and continue to saute until fragrant. Add salmon slices and gently saute until cooked.','Step 2','2015-03-16 10:26:00','2015-03-16 10:26:00'),(257,'59','Pour in water, whole black pepper, leeks, and patis. Let it boil.','Step 3','2015-03-16 10:26:10','2015-03-16 10:26:10'),(258,'59','Add pechay, Lucky Me! NamNam Tomato, and pepper to taste. Mix well. Serve hot and enjoy!','Step 4','2015-03-16 10:26:23','2015-03-16 10:26:23'),(259,'60','Heat the cooking oil in a pan. Saute the onion and garlic until the onion is translucent and garlic is golden. ','Step 1','2015-03-16 10:31:10','2015-03-16 10:31:10'),(260,'60','Add the ginger and continue to saute until fragrant. Add chicken pieces and saute until brown.','Step 2','2015-03-16 10:31:16','2015-03-16 10:31:16'),(261,'60','Add the water, tamarind powder, sliced green sili, sampaloc leaves, and patis. Mix well until combined.','Step 3','2015-03-16 10:31:28','2015-03-16 10:31:28'),(262,'60','Sprinkle Lucky Me! NamNam Tomato and pepper to taste. Simmer. Serve hot and enjoy!','Step 4','2015-03-16 10:31:36','2015-03-16 10:31:36'),(263,'61','Heat the cooking oil in a pan. Saute the onion and garlic until the onion is translucent and garlic is golden. ','Step 1','2015-03-16 10:36:46','2015-03-16 10:36:46'),(264,'61','Saute the ground beef until cooked. Add the hotdog, mushroom, tomato sauce, and water. Let it simmer until the ingredients are cooked.','Step 2','2015-03-16 10:36:52','2015-03-16 10:36:52'),(265,'61','Season with patis, brown sugar, and pepper. Mix well. Sprinkle with Lucky Me! NamNam Tomato.','Step 3','2015-03-16 10:36:59','2015-03-16 10:36:59'),(266,'61','To thicken the sauce, mix water and cornstarch in a small bowl. Add this mixture to the spaghetti sauce. Mix well. Pour on  cooked pasta noodles. Serve hot and enjoy!','Step 4','2015-03-16 10:37:08','2015-03-16 10:37:08'),(267,'62','Heat cooking oil in a pan. Saute garlic and onion until garlic is golden and onion is translucent.','Step 1','2015-03-16 10:44:12','2015-03-16 10:44:12'),(268,'62','Mix in the spicy tuna and regular tuna.Add the sliced button mushrooms, all-purpose cream, cubed bell pepper, water, and grated parmesan cheese. Mix well and simmer.','Step 2','2015-03-16 10:44:24','2015-03-16 10:44:24'),(269,'62','Once ingredients are well incorporated, dd Lucky Me! NamNam Tomato and fresh basil. Simmer. Serve hot topped with bacon and cooked pasta noodles of your choice. Enjoy!','Step 3','2015-03-16 10:44:35','2015-03-16 10:44:35'),(270,'63','Heat cooking oil in a pan. Saute garlic and onion until garlic is golden and onion is translucent.','Step 1','2015-03-16 10:54:16','2015-03-16 10:54:16'),(271,'63','Mix in ground beef and saute until brown.','Step 2','2015-03-16 10:54:23','2015-03-16 10:54:23'),(272,'63','Add sliced button mushrooms and diced carrots. Cook until carrots are tender.','Step 3','2015-03-16 10:54:30','2015-03-16 10:54:30'),(273,'63','Pour in tomato sauce, water, bay leaf, and patis. Mix and simmer.','Step 4','2015-03-16 10:54:37','2015-03-16 10:54:37'),(274,'63','When the ingredients are well incorporated, add Lucky Me! NamNam Tomato and pepper. Simmer.','Step 5','2015-03-16 10:54:44','2015-03-16 10:54:44'),(275,'63','Add the cooked macaroni noodles and mix well.','Step 6','2015-03-16 10:54:52','2015-03-16 10:54:52'),(276,'63','Transfer the macaroni into an aluminum tray.','Step 7','2015-03-16 10:55:03','2015-03-16 10:55:03'),(277,'63','Drizzle the top with all-purpose cream. Sprinkle grated cheese on top of the cream.','Step 8','2015-03-16 10:55:11','2015-03-16 10:55:11'),(278,'63','Bake in a pre-heated oven until the cheese melts. Serve hot and enjoy!','Step 9','2015-03-16 10:55:22','2015-03-16 10:55:22'),(279,'64','Put kalabasa cubes and 3 cups water in a pot. Let boil until kalabasa is tender.','Step 1','2015-03-17 02:31:42','2015-03-17 02:31:42'),(280,'64','After boiling, place kalabasa cubes and remaining water in blender. Blend until smooth. ','Step 2','2015-03-17 02:31:50','2015-03-17 02:31:50'),(281,'64','In a pan, heat cooking oil and saute garlic and onion until garlic is golden and onion is translucent.','Step 3','2015-03-17 02:31:58','2015-03-17 02:31:58'),(282,'64','Mix in the blended kalabasa. Add 1 cup water, sliced button mushrooms, all-purpose cream, grated parmesan cheese, and basil leaves. Mix well and let it simmer.','Step 3','2015-03-17 02:32:05','2015-03-17 02:32:05'),(283,'64','Apatis. Simmer and taste. Add Lucky Me! NamNam Tomato and pepper. Simmer . Serve hot in individual bowls topped with fried bacon bits. Enjoy!','Step 5','2015-03-17 02:32:12','2015-03-17 02:32:12'),(284,'66','Heat cooking oil in pan. Saute garlic and onion until garlic is golden and onion is translucent.','Step 1','2015-03-17 02:45:19','2015-03-17 02:45:19'),(285,'66','Add water and sotanghon. Boil until sontanghon is slightly cooked.','Step 2','2015-03-17 02:45:28','2015-03-17 02:45:28'),(286,'66','Mix in quail eggs, carrots, patis, and cabbage strips. Simmer.','Step 3','2015-03-17 02:45:51','2015-03-17 02:45:51'),(287,'66','Crack the egg on top of the soup and gently stir for the egg to disperse and cook.','Step 4','2015-03-17 02:46:00','2015-03-17 02:46:00'),(288,'66','Add Lucky Me! NamNam Tomato and pepper. Mix well. Serve hot and enjoy!','Step 5','2015-03-17 02:46:08','2015-03-17 02:46:08'),(289,'67','Heat cooking oil in a pan. Saute garlic and onion until garlic is golden and onion is translucent.','Step 1','2015-03-17 02:58:58','2015-03-17 02:58:58'),(290,'67','Add the ground beef and saute until brown.','Step 2','2015-03-17 02:59:04','2015-03-17 02:59:04'),(291,'67','Mix in the cumin, patis, and sugar. Simmer. Add water, Lucky Me! NamNam Tomato and pepper to taste. Simmer until cooked.','Step 3','2015-03-17 02:59:18','2015-03-17 02:59:18'),(292,'67','Serve with taco shells (can fill 6 to 8 taco shells), grated cheese, cubed white onion, cubed tomatoes, and iceberg lettuce. Enjoy!','Step 4','2015-03-17 02:59:27','2015-03-17 02:59:27'),(293,'68','Heat the cooking oil in a pan. Saute the onion and garlic until the onion is translucent and garlic is golden. ','Step 1','2015-03-17 03:06:21','2015-03-17 03:06:21'),(294,'68','Add the tomato sauce and water. Mix and let it simmer.','Step 2','2015-03-17 03:06:38','2015-03-17 03:06:38'),(295,'68','Sprinkle the sauce with the Lucky Me! NamNamTomato, parmesan cheese, basil, and pepper. Mix well.','Step 3','2015-03-17 03:06:46','2015-03-17 03:06:46'),(296,'68','May be served with 10 whole pandesals sliced in two, 1/3 cup ham, 1/3 pineapple, 1/3 cup mushroom, 1 cup grated cheese evenly distributed.','','2015-03-17 03:07:01','2015-03-17 03:07:01');
/*!40000 ALTER TABLE `procedures` ENABLE KEYS */;
UNLOCK TABLES;

--
-- Table structure for table `products`
--

DROP TABLE IF EXISTS `products`;
/*!40101 SET @saved_cs_client     = @@character_set_client */;
/*!40101 SET character_set_client = utf8 */;
CREATE TABLE `products` (
  `id` int(10) unsigned NOT NULL AUTO_INCREMENT,
  `title` varchar(255) COLLATE utf8_unicode_ci NOT NULL,
  `description` text COLLATE utf8_unicode_ci NOT NULL,
  `namnam_product_shot` varchar(255) COLLATE utf8_unicode_ci NOT NULL,
  `url` varchar(255) COLLATE utf8_unicode_ci NOT NULL,
  `created_at` timestamp NOT NULL DEFAULT '0000-00-00 00:00:00',
  `updated_at` timestamp NOT NULL DEFAULT '0000-00-00 00:00:00',
  PRIMARY KEY (`id`)
) ENGINE=InnoDB AUTO_INCREMENT=3 DEFAULT CHARSET=utf8 COLLATE=utf8_unicode_ci;
/*!40101 SET character_set_client = @saved_cs_client */;

--
-- Dumping data for table `products`
--

LOCK TABLES `products` WRITE;
/*!40000 ALTER TABLE `products` DISABLE KEYS */;
INSERT INTO `products` VALUES (1,'NamNam Original','NamNam with taste of real meat, bones and spices.','/assets/uploads/namnamproduct/1Pf2GehlEuGt.png','www.google.com','0000-00-00 00:00:00','2015-03-25 23:22:30'),(2,'NamNam Tomato','NamNam with taste of real tomato.','website/assets/img/pack-namnam.png','www.google.com','0000-00-00 00:00:00','0000-00-00 00:00:00');
/*!40000 ALTER TABLE `products` ENABLE KEYS */;
UNLOCK TABLES;

--
-- Table structure for table `ratings`
--

DROP TABLE IF EXISTS `ratings`;
/*!40101 SET @saved_cs_client     = @@character_set_client */;
/*!40101 SET character_set_client = utf8 */;
CREATE TABLE `ratings` (
  `id` int(10) unsigned NOT NULL AUTO_INCREMENT,
  `recipe_id` varchar(255) COLLATE utf8_unicode_ci NOT NULL,
  `rating` varchar(255) COLLATE utf8_unicode_ci NOT NULL,
  `ip_address` varchar(255) COLLATE utf8_unicode_ci NOT NULL,
  `browser` varchar(255) COLLATE utf8_unicode_ci NOT NULL,
  `created_at` timestamp NOT NULL DEFAULT '0000-00-00 00:00:00',
  `updated_at` timestamp NOT NULL DEFAULT '0000-00-00 00:00:00',
  PRIMARY KEY (`id`)
) ENGINE=InnoDB AUTO_INCREMENT=9 DEFAULT CHARSET=utf8 COLLATE=utf8_unicode_ci;
/*!40101 SET character_set_client = @saved_cs_client */;

--
-- Dumping data for table `ratings`
--

LOCK TABLES `ratings` WRITE;
/*!40000 ALTER TABLE `ratings` DISABLE KEYS */;
INSERT INTO `ratings` VALUES (1,'2','2','180.232.124.114','Chrome','2015-01-11 19:43:06','2015-01-11 19:43:06'),(2,'2','3','180.232.124.114','Chrome','2015-01-11 19:43:06','2015-01-11 19:43:06'),(3,'4','4','180.232.124.114','Chrome','2015-03-12 10:24:01','2015-03-12 10:24:01'),(4,'1','4','180.232.124.114','Chrome','2015-03-12 11:07:07','2015-03-12 11:07:07'),(5,'68','5','180.232.124.114','Firefox','2015-03-17 07:22:31','2015-03-17 07:22:31'),(6,'11','3','180.232.124.114','Chrome','2015-03-25 15:10:43','2015-03-25 15:10:43'),(7,'12','3','180.232.124.114','Chrome','2015-03-25 23:21:00','2015-03-25 23:21:00'),(8,'68','3','112.198.83.124','Chrome','2015-03-25 23:40:38','2015-03-25 23:40:38');
/*!40000 ALTER TABLE `ratings` ENABLE KEYS */;
UNLOCK TABLES;

--
-- Table structure for table `recipes`
--

DROP TABLE IF EXISTS `recipes`;
/*!40101 SET @saved_cs_client     = @@character_set_client */;
/*!40101 SET character_set_client = utf8 */;
CREATE TABLE `recipes` (
  `id` int(10) unsigned NOT NULL AUTO_INCREMENT,
  `product_id` varchar(255) COLLATE utf8_unicode_ci NOT NULL,
  `recipe_name` varchar(255) COLLATE utf8_unicode_ci NOT NULL,
  `badge1` int(11) NOT NULL,
  `badge2` int(11) NOT NULL,
  `badge3` int(11) NOT NULL,
  `prep_time` varchar(255) COLLATE utf8_unicode_ci NOT NULL,
  `dish_by` varchar(255) COLLATE utf8_unicode_ci NOT NULL,
  `serving_size` varchar(255) COLLATE utf8_unicode_ci NOT NULL,
  `is_featured` varchar(255) COLLATE utf8_unicode_ci NOT NULL,
  `rating_count` varchar(255) COLLATE utf8_unicode_ci NOT NULL,
  `photo` varchar(255) COLLATE utf8_unicode_ci NOT NULL,
  `description` varchar(255) COLLATE utf8_unicode_ci NOT NULL,
  `category` varchar(255) COLLATE utf8_unicode_ci NOT NULL,
  `created_at` timestamp NOT NULL DEFAULT '0000-00-00 00:00:00',
  `updated_at` timestamp NOT NULL DEFAULT '0000-00-00 00:00:00',
  PRIMARY KEY (`id`)
) ENGINE=InnoDB AUTO_INCREMENT=69 DEFAULT CHARSET=utf8 COLLATE=utf8_unicode_ci;
/*!40101 SET character_set_client = @saved_cs_client */;

--
-- Dumping data for table `recipes`
--

LOCK TABLES `recipes` WRITE;
/*!40000 ALTER TABLE `recipes` DISABLE KEYS */;
INSERT INTO `recipes` VALUES (11,'1','Nilaga ala NamNam Original',0,0,0,'1 hour, 45 minutes','','6','0','','assets/uploads/photo/rUrRBQzwyb9.jpg','','Beef','2015-03-13 03:35:37','2015-04-10 16:14:02'),(12,'1','Fish Tinola ala NamNam Original',0,0,0,'45 minutes','','6','0','','assets/uploads/photo/O8YvTiNHYxP.jpg','','Fish','2015-03-13 03:48:57','2015-04-10 16:14:31'),(13,'1','Bihon ala NamNam Original',0,0,0,'50 minutes','','6','0','','assets/uploads/photo/R0whysolP6V.jpg','','Pasta','2015-03-13 04:00:47','2015-04-10 16:15:04'),(14,'1','Ginisang Gulay ala NamNam Original',0,0,0,'30 minutes','','6','0','','assets/uploads/photo/fJLvt7oHcMI.jpg','','Vegetables','2015-03-13 04:06:57','2015-04-10 16:21:03'),(15,'1','Inihaw na Liempo ala NamNam Original',0,0,0,'3 hours, 45 minutes','','6','0','','assets/uploads/photo/zoihSRpFBet.jpg','','Pork','2015-03-13 04:15:43','2015-04-10 16:22:55'),(16,'1','Lugaw ala NamNam Original',0,0,0,'1 hour, 10 minutes','','6','0','','assets/uploads/photo/0V5k2BcecCm.jpg','','Soup','2015-03-13 04:32:44','2015-04-10 16:24:18'),(17,'1','Fries ala NamNam Original',0,0,0,'4 hours, 30 minutes','','6','0','','assets/uploads/photo/alslOnVW4D5.jpg','','Vegetables','2015-03-13 06:05:21','2015-04-10 16:26:07'),(18,'1','Fried Rice ala NamNam Original',0,0,0,'25 minutes','','6','0','','assets/uploads/photo/hazbTS9wba8.jpg','','Rice','2015-03-13 06:23:45','2015-04-10 16:27:09'),(19,'1','Adobo sa Gata ala NamNam Original',0,0,0,'45 minutes','','6','0','','assets/uploads/photo/QwwSLCWtoJt.jpg','','Chicken','2015-03-13 06:43:11','2015-04-10 16:27:34'),(20,'1','Pakbet ala NamNam Original',0,0,0,'30 minutes','','6','0','','assets/uploads/photo/Q1LxsYUIa0e.jpg','','Vegetables','2015-03-13 07:03:42','2015-04-10 16:28:00'),(21,'1','Chicken Curry ala NamNam Original',0,0,0,'45 minutes','','6','0','','assets/uploads/photo/Z1x3N0WlD6U.jpg','','Chicken','2015-03-16 02:34:16','2015-04-10 16:28:58'),(22,'1','Menudo ala NamNam Original',0,0,0,'45 minutes','','6','0','','assets/uploads/photo/CZqz7ZxjIcM.jpg','','Pork','2015-03-16 02:45:43','2015-04-10 16:32:22'),(23,'1','Pork Humba ala NamNam Original',0,0,0,'45 minutes','','6','0','','assets/uploads/photo/0LKYnqpenv6.jpg','','Pork','2015-03-16 03:01:31','2015-04-10 16:34:33'),(24,'1','Beef Stroganoff ala NamNam Original',0,0,0,'1 hour, 45 minutes','','6','0','','assets/uploads/photo/JS9XAS4RZO1.jpg','','Beef','2015-03-16 03:09:01','2015-04-10 16:36:50'),(25,'1','Caldereta ala NamNam Original',0,0,0,'1 hour, 45 minutes','','6','0','','assets/uploads/photo/QOnOKy5tJet.jpg','','Beef','2015-03-16 03:15:53','2015-04-10 16:37:17'),(26,'1','Sinigang ala NamNam Original',0,0,0,'45 minutes','','6','0','','assets/uploads/photo/kaeNZ42WBQu.jpg','','Pork','2015-03-16 03:43:17','2015-04-10 16:37:51'),(27,'1','Kare-kare ala NamNam Original',0,0,0,'1 hour, 45 minutes','','6','0','','assets/uploads/photo/Z3vnmUSEO8S.jpg','','Beef','2015-03-16 04:11:45','2015-04-10 16:39:18'),(28,'1','Carbonara ala NamNam Original',0,0,0,'30 minutes','','6','0','','assets/uploads/photo/DpB7PXO30Fl.jpg','','Pasta','2015-03-16 04:29:27','2015-04-10 16:41:52'),(29,'1','Sopas ala NamNam Original',0,0,0,'30 minutes','','6','0','','assets/uploads/photo/zUm1iH4KvCT.jpg','','Soup','2015-03-16 04:35:44','2015-04-10 16:48:17'),(30,'1','Binagoongan ala NamNam Original',0,0,0,'40 minutes','','6','0','','assets/uploads/photo/mHUgE3YhL1U.jpg','','Pork','2015-03-16 04:42:30','2015-04-10 16:51:36'),(31,'2','Spicy Fried Rice ala NamNam Tomato',0,0,0,'25 minutes','','6','0','','assets/uploads/photo/N5mCruwVxkt.jpg','','Rice','2015-03-16 04:51:56','2015-04-08 18:55:03'),(32,'2','Tinapa Rice ala NamNam Tomato',0,0,0,'30 minutes','','6','0','','assets/uploads/photo/ZGJA9dq8lLj.jpg','','Rice','2015-03-16 05:41:46','2015-04-08 18:55:24'),(33,'2','Arroz ala Cubana Rice ala NamNam Tomato',0,0,0,'30 minutes','','6','0','','assets/uploads/photo/F7oDbeEiHtR.jpg','','Rice','2015-03-16 05:53:47','2015-04-08 18:59:54'),(34,'2','Paella ala NamNam Tomato',0,0,0,'1 hour, 5 minutes','','6','0','','assets/uploads/photo/7tgzy5Y3ILt.jpg','','Rice','2015-03-16 06:07:12','2015-04-08 19:00:52'),(35,'2','Giniling na Baboy ala NamNam Tomato',0,0,0,'30 minutes','','6','0','','assets/uploads/photo/E1C3STB4fS9.jpg','','Pork','2015-03-16 06:24:26','2015-04-08 19:03:05'),(36,'2','Ginisang Pechay ala NamNam Tomato',0,0,0,'30 minutes','','6','0','','assets/uploads/photo/Rk17KysSdmH.jpg','','Vegetables','2015-03-16 06:32:05','2015-04-08 19:06:16'),(37,'2','Ginisang Ampalaya ala NamNam Tomato',0,0,0,'30 minutes','','6','0','','assets/uploads/photo/7VQKfK2NsxP.jpg','','Vegetables','2015-03-16 06:41:56','2015-04-08 19:06:37'),(38,'2','Ginisang Monggo ala NamNam Tomato',0,0,0,'40 minutes','','6','0','','assets/uploads/photo/BNxmHEOXhJC.jpg','','Vegetables','2015-03-16 06:45:24','2015-04-08 19:13:19'),(39,'2','Sarciado ala NamNam Tomato',0,0,0,'30 minutes','','6','0','','assets/uploads/photo/cl7LILPFrg0.jpg','','Fish','2015-03-16 06:51:23','2015-04-14 17:17:56'),(40,'2','Pinakbet ala NamNam Tomato',0,0,0,'30 minutes','','6','0','','assets/uploads/photo/RCK3rQMRZUI.jpg','','Vegetables','2015-03-16 07:00:45','2015-04-08 19:20:57'),(41,'1','Adobong Pusit ala NamNam Tomato',0,0,0,'25 minutes','','6','0','','assets/uploads/photo/gM4T03wWsrh.jpg','','Seafood','2015-03-16 08:04:07','2015-04-08 19:21:50'),(42,'2','Sweet  & Sour Sauce (with tomato sauce) ala NamNam Tomato',0,0,0,'','','','0','','assets/uploads/photo/7EAwNcgmMpU.jpg','','Fish','2015-03-16 08:14:28','2015-03-24 20:05:25'),(43,'2','Sweet & Sour Sauce ala NamNam Tomato',0,0,0,'20 minutes','','6','0','','assets/uploads/photo/0JTY3X4AdKr.jpg','','Fish','2015-03-16 08:21:42','2015-04-08 19:22:18'),(44,'2','Menudo (with tomato sauce) ala NamNam Tomato',0,0,0,'','','','0','','assets/uploads/photo/3RyqCArTdkD.jpg','','Pork','2015-03-16 08:33:58','2015-03-24 20:08:55'),(46,'2','Menudo ala NamNam Tomato',0,0,0,'45 minutes','','6','0','','assets/uploads/photo/3eOsDrXrIMV.jpg','','Pork','2015-03-16 08:41:50','2015-04-08 19:24:17'),(47,'2','Afritada (with tomato sauce) ala NamNam Tomato',0,0,0,'30 minutes','','6','0','','assets/uploads/photo/dp95hBoDDrr.jpg','','Chicken','2015-03-16 08:48:00','2015-04-14 17:18:48'),(48,'2','Afritada ala NamNam Tomato',0,0,0,'30 minutes','','6','0','','assets/uploads/photo/uf0CB4qRUWe.jpg','','Chicken','2015-03-16 08:53:40','2015-04-14 17:19:17'),(49,'2','Pochero ala NamNam Tomato',0,0,0,'2 hour','','6','0','','assets/uploads/photo/ozJmD3wv94S.jpg','','Pasta','2015-03-16 09:00:32','2015-04-08 19:26:02'),(50,'2','Caldereta ala NamNam Tomato',0,0,0,'1 hour, 45 minutes','','6','0','','assets/uploads/photo/F8nvva5QTz7.jpg','','Beef','2015-03-16 09:11:35','2015-04-08 19:26:26'),(51,'2','Tuna Afritada ala NamNam Tomato',0,0,0,'45 minutes','','6','0','','assets/uploads/photo/1IOSTlxp5yh.jpg','','Fish','2015-03-16 09:21:24','2015-04-08 19:26:56'),(52,'2','Sinabawang Corned Beef ala NamNam Tomato',0,0,0,'25 minutes','','6','0','','assets/uploads/photo/CLH8Qpzu9P0.jpg','','Beef','2015-03-16 09:27:28','2015-04-08 19:27:18'),(53,'2','Sinabawang Gulay ala NamNam Tomato',0,0,0,'25 minutes','','6','0','','assets/uploads/photo/LxEKzrfraIZ.jpg','','Vegetables','2015-03-16 09:35:17','2015-04-08 19:27:42'),(54,'2','Pinangat ala NamNam Tomato',0,0,0,'25 minutes','','6','0','','assets/uploads/photo/F7vfvEonatI.jpg','','Fish','2015-03-16 09:48:55','2015-04-08 19:28:18'),(55,'2','Miswa ala NamNam Tomato',0,0,0,'25 minutes','','6','0','','assets/uploads/photo/6xdhcwt4MVU.jpg','','Soup','2015-03-16 09:55:53','2015-04-08 19:29:10'),(56,'2','KBL ala NamNam Tomato',0,0,0,'55 minutes','','6','0','','assets/uploads/photo/w1JdGpIeqmP.jpg','','Pork','2015-03-16 10:04:56','2015-04-08 19:29:50'),(57,'2','Pork Sinigang ala NamNam Tomato',0,0,0,'30 minutes','','6','0','','assets/uploads/photo/Qlv1gAkpx3y.jpg','','Pork','2015-03-16 10:11:29','2015-04-08 19:30:10'),(58,'2','Fish Tinola ala NamNam Tomato',0,0,0,'45 minutes','','6','0','','assets/uploads/photo/i4C0CeI568y.jpg','','Fish','2015-03-16 10:18:21','2015-04-08 19:32:06'),(59,'2','Pesang Salmon ala NamNam Tomato',0,0,0,'25 minutes','','6','0','','assets/uploads/photo/HJg2lost95B.jpg','','Fish','2015-03-16 10:22:51','2015-04-08 19:32:44'),(60,'2','Sinampalukang Manok ala NamNam Tomato',0,0,0,'45 minutes','','6','0','','assets/uploads/photo/DS2FlWsxoXw.jpg','','Chicken','2015-03-16 10:28:11','2015-04-08 19:33:29'),(61,'2','Pinoy Spaghetti ala NamNam Tomato',0,0,0,'30 minutes','','6','0','','assets/uploads/photo/wwj7DFWcCQx.jpg','','Pasta','2015-03-16 10:32:47','2015-04-08 19:34:25'),(62,'2','Spicy Tuna Pasta ala NamNam Tomato',0,0,0,'30 minutes','','6','0','','assets/uploads/photo/OWytOcnOFTu.jpg','','Pasta','2015-03-16 10:38:24','2015-04-08 19:34:46'),(63,'2','Baked Macaroni ala NamNam Tomato',0,0,0,'1 hour','','6','0','','assets/uploads/photo/uSekyDpNwIU.jpg','','Pasta','2015-03-16 10:46:27','2015-04-08 19:35:14'),(64,'2','Creamy Tomato Soup ala NamNam Tomato',0,0,0,'1 hour','','6','0','','assets/uploads/photo/7vXsI40VYrT.jpg','','Soup','2015-03-17 02:26:10','2015-04-08 19:35:42'),(66,'2','Cabbage and Quail Egg Soup ala NamNam Tomato',0,0,0,'30 minutes','','6','0','','assets/uploads/photo/58nSJB8QWz1.jpg','','Soup','2015-03-17 02:33:14','2015-04-08 19:36:04'),(67,'2','Beef Tacos ala NamNam Tomato',0,0,0,'45 minutes','','6','0','','assets/uploads/photo/zrvzxMkIQEk.jpg','','Beef','2015-03-17 02:52:11','2015-04-08 19:37:43'),(68,'2','Pizza Sauce ala NamNam Tomato',0,0,0,'25 minutes','','6','1','','assets/uploads/photo/49wOod63GtE.jpg','','Sauce','2015-03-17 03:01:18','2015-04-08 19:38:56');
/*!40000 ALTER TABLE `recipes` ENABLE KEYS */;
UNLOCK TABLES;

--
-- Table structure for table `settings`
--

DROP TABLE IF EXISTS `settings`;
/*!40101 SET @saved_cs_client     = @@character_set_client */;
/*!40101 SET character_set_client = utf8 */;
CREATE TABLE `settings` (
  `id` int(10) unsigned NOT NULL AUTO_INCREMENT,
  `content` longtext COLLATE utf8_unicode_ci NOT NULL,
  `type` varchar(255) COLLATE utf8_unicode_ci NOT NULL,
  `created_at` timestamp NOT NULL DEFAULT '0000-00-00 00:00:00',
  `updated_at` timestamp NOT NULL DEFAULT '0000-00-00 00:00:00',
  PRIMARY KEY (`id`)
) ENGINE=InnoDB AUTO_INCREMENT=26 DEFAULT CHARSET=utf8 COLLATE=utf8_unicode_ci;
/*!40101 SET character_set_client = @saved_cs_client */;

--
-- Dumping data for table `settings`
--

LOCK TABLES `settings` WRITE;
/*!40000 ALTER TABLE `settings` DISABLE KEYS */;
INSERT INTO `settings` VALUES (1,'NamNam Website','site_title','0000-00-00 00:00:00','0000-00-00 00:00:00'),(2,'All you need is love and NamNam!','product_header','0000-00-00 00:00:00','0000-00-00 00:00:00'),(3,'webnamnam@gmail.com','to_email','0000-00-00 00:00:00','0000-00-00 00:00:00'),(4,'NamNam Site Admin','to_name','0000-00-00 00:00:00','0000-00-00 00:00:00'),(5,'assets/d0535u6O5kw.mp3','site_bgm','0000-00-00 00:00:00','2015-01-22 07:37:15'),(6,'website/assets/img/product-namnam-ingre.png','product_header_img','0000-00-00 00:00:00','0000-00-00 00:00:00'),(7,'Chef Babes\' Corner','chef_btn','0000-00-00 00:00:00','2015-03-23 19:02:43'),(8,'Former Malacañang Palace head chef Babes Austria <br>  answers most frequently asked questions.','chef_btn_desc','0000-00-00 00:00:00','2015-03-23 19:04:43'),(9,'Chef Babes\' Corner','chef_title','0000-00-00 00:00:00','0000-00-00 00:00:00'),(10,'Chef Aurora \"Babes\" Austria is a former Executive Chef of the Malacanang Palace, former Executive Chef of Taal Vista Hotel and is currently a food consultant of the SM Hotel Group. She now owns her own restaurant, Garden Family Restaurant in Tagaytay City.\r\n\r\nChef Babes spreads love with food, and her passion for cooking goes beyond the kitchen. In her spare time she organizes fundraising dinners, charity events and is a strong advocate of Filipino ingredients and cuisine. Every dish she creates tastes wonderful because of her secret ingredients - made from the heart, sprinkled with love and served with her radiant smile.\r\n\r\nIn Chef Babes\' corner, you\'ll find her expert answers to frequently asked questions about cooking.\r\n\r\nQuestion 1:\r\nChef Babes, may mga sikreto ka ba sa pagluluto na pwede mong ibahagi sa mga nanay na gustong mas maging expert sa kusina?\r\n\r\nIsa sa aking sikreto sa pagluluto ay ang hindi ko paggamit ng tubig. Parati kong sinasabi kapag may nagtatanong sakin niyan na instead of using water for soup or saucy dishes, maaaring gumamit ng stock like chicken, beef or pork. Maaari ding gamitin ang hugas bigas - libre lang ito pero tiyak na makakadagdag sa linamnam ng inyong lutuin! Carbohydrates kasi ang rice o kanin and naturally has starch. Ito ang ginagamit natin na pampalapot ng ating mga sabaw at sarsa. Kaya sa hugas bigas, mas makakatipid talaga ang mga mommies, paniguradong mas malinamnam pa ang kanilang lutuin!\r\n\r\nQuestion 2:\r\nAno ang mga tips mo kung paano mas magiging effective ang marination ng mga karne at isda?\r\n\r\nAng purpose ng marination ay para kumapit ang flavor na gusto natin sa karne o isda at nang maging mas malinamnam ang lutuin. Usually kapag seafood, mga 30minutes to 2 hours ang pagmarinate o pagbabad before cooking, at kapag sa karne, overnight naman kasi tougher and thicker ang meat nila, mas kailangan ng oras na maabsorb ang flavor. Hangga\'t maari, gumamit ng plastic, glass o ceramic na lalagyanan para hindi mag-react ang mga acidic ingredients (tulad ng suka at calamansi). Higit sa lahat, ilagay sa refrigerator pagkatapos i-marinate ang pagkain para hindi mag-harvest ng bacteria.\r\n\r\nQuestion 3:\r\nIsa sa mga paboritong pagkain ng mga Pinoy ay seafood. Pero mahirap siya i-prepare or linisin. Ano po ang mga tips niyo para matanggal ang mga buhangin, lansa at kung anu-ano pang pwedeng makuha sa dagat?\r\n\r\nAng mga seafood tulad ng halaan at tahong ay maaaring galing sa ilog o sa dagat, kaya maaaring may lupa o kaya ay sand. Kung mayroon kang 1 kilo ng clams, halimbawa, kailangan mo siyang ibabad sa tap water at magdagdag ng 1 tablespoon of cornstarch para mapurga ang dumi niya overnight. This is because ang texture ng cornstarch creates blockage - kumbaga, binabara niya yung cavity, which causes them to spit the dirt out.\r\n\r\nQuestion 4:\r\nMaraming mommies ngayon ang gusto matuto magluto at mahilig magbasa ng mga recipe books o recipes online. Pero madalas, may mga ingredients na mahirap hanapin sa palengke. Ano pong suggestion niyo na pampalit sa mga ingredients na ito?\r\n\r\nHindi naman sa mahirap, kailangan lang natin maging practical. Halimbawa, nagresearch si mommy kung paano gumawa ng pasta, tapos basil ang hinihingi. Hindi ko mairerekomenda na pwedeng lagyan ng kinchay kasi pampansit lang ang kinsay. Siguro pwede sakin ang malunggay - safe yun. O dahon ng kangkong. Ang basil kasi, nagdadagdag lang siya ng aroma - hindi lasa.\r\n\r\nQuestion 5:\r\nChef Babes, ano po sa tingin niyo ang meron sa Filipino cuisine at patuloy niyo itong itinataguyod?\r\n\r\nNung nagturo ako sa culinary, I realized that the students were not familiar with our food. I think that\'s the reason why Filipino cuisine is not on top of Asian cuisine. Japan, Vietnam, Thailand, where is the Philippines? They\'d rather learn other country\'s dishes. You need to have passion for your own country. I am eager for Filipino cuisine to globally rise and be recognized. \r\n\r\nWhen I was in the Culinary Institute of America, our professor chef kept mentioning Thailand and Japan. So I asked, \"how about the Philippines?\" He replied, \"Why, do you have good food?\" Then I said, \"Yes! Our adobo and kare-kare!\" Next semester I brought a book about Filipino food to be put in our library.\r\n\r\nQuestion 6:\r\nAno po as tingin niyo ang top Filipino dishes na pwedeng maging sikat sa buong mundo?\r\n\r\nAdobo, kare-kare and sinigang. I served that in all my state dinners in Malacanang Palace.\r\n\r\nQuestion 7:\r\nAno po ang pakiramdam niyo being a woman in a male-dominated industry at ano po ang maibabahagi niyong mga tips para sa mga gusto maging chef tulad niyo?\r\n\r\nGood. I broke the record - I\'m the first Filipina executive chef for hotels, and the first woman executive chef in Malacanang Palace. Before, there was a huge deal on gender because people think women work slow, or all we think about is our hair. Now, there are actually more women. Whether you can afford it or not- because our books and utensils and equipment are expensive - all that matters is passion. In Malacanang, there is a chef there who was once a dishwasher. In the hotel, one was a former gardener. It\'s really just encouragement - opening the doors for them and providing guidance. There are two kinds of chefs; one with a formal education, and another with experience. With experience, it never stops. In the end, hindi lang adobo ang alam mo. You keep experimenting, you keep going to the market, read up online, books, and watch TV shows like Dear Bossing.','chef_content','0000-00-00 00:00:00','2015-03-23 19:05:33'),(11,'Manilyn\'s Tipid Tips','artist_btn','0000-00-00 00:00:00','0000-00-00 00:00:00'),(12,'Actress and mom Manilyn Reynes shares <br> kitchen tipid tips.','artist_btn_desc','0000-00-00 00:00:00','0000-00-00 00:00:00'),(13,'Manilyn\'s Tipid Tips','artist_title','0000-00-00 00:00:00','2015-03-23 19:04:07'),(14,'All around actress Manilyn Reynes has played different roles with the numerous films and television shows under her belt, but her most prized role is definitely being a hands-on mom to her three kids. Her passion for life and being a mom reflects in the work she does on and off screen. She is a continuous learner and believes that we all need a little help sometimes, even in the kitchen!\r\n\r\n<b>Here are some of Manilyn\'s tips that she learned from her experience in Dear Bossing that she wants to share with all of us:</b>\r\n\r\n1. Kung magluluto ng afritada, gumamit ng dalawang regular packs ng NamNam Tomato (worth Php. 3.00 each) para sa sarsa upang makatipid.\r\n\r\n2. Sa halip na bumili ng corn starch para maging malapot ang sarsa, pwedeng gumamit ng hugas bigas (rice washing), para no gastos!\r\n\r\n3. Kapag namamalengke, siguraduhin na ang mga ingredients na bibilhin ay in-season, para hindi mapa-mahal.\r\n\r\n4. Gumamit ng isang NamNam Tomato Sakto Pak for every 3 cups of water o hugas bigas para sa sinabawang gulay.\r\n\r\n5. Ang presyo ng pagluto ng fish tinola ay nakasalalay sa anong klaseng isda ang gusto niyong gamitin. Halimbawa, mas mura ang mahi-mahi at bangus kumpara mo sa tuna, dory o salmon.\r\n\r\n6. Hindi kailangan gumastos ng marami sa paggawa ng spaghetti sauce. Ihalo ang isang regular pack ng Lucky Me! NamNam Tomato at tubig (o hugas bigas) at mayroon ka nang tomato sauce extender!\r\n\r\n7. Kapag gagawa ng paella, mas matipid kung regular long grain rice lang ang gagamitin. Kung gusto niyo ng konting texture, pwedeng kalahating malagkit na kanin lang ang gamitin. Malinamnam pa rin!\r\n\r\n8. Kung may lugar sa bahay niyo, pwede ring maka-menos gastos sa pamamagitan ng pagtanim ng mga halamang tulad ng tanglad at siling labuyo na madalas idagdag sa mga dishes.\r\n\r\n9. Malaking tulong ang mga suki. Maliban sa sigurado ka sa kalidad ng kanilang paninda, pwede ka pa makahirit sa kanya!\r\n\r\n10. Siguraduhing may listahan kapag mamamalengke para walang makalimutan at hindi mag-over-budget.\r\n\r\n11. Upang makatipid sa pagluto ng adobong pusit, gumamit ng NamNam Sakto Pak para sa tunay na lasang kapatis sa halangang Php 2.00 lang!\r\n\r\n12. Kapag gagawa ng sweet and sour meatballs, gamitan ng 1 regular pack ng NamNam Original sa pag-marinate at pag-luto ng meatballs habang ang 1 regular pack ng NamNam Tomato naman ay para sa paggawa ng sauce.\r\n\r\n13. Panatilihing naka-takip ang kalan para hindi lumabas ang init. Kung naka-kulong ang init sa pan, pwedeng magluto sa lower flame, at makakatipid rin sa gasul.\r\n\r\n14. Hindi kailangang maging mahal ang handaan pag-birthday. Sa halagang Php 6.00 gamit ang 2 regular packs ng NamNam Tomato, may pang-tomato sauce ka na sa isang Baked Macaroni.\r\n\r\n15. Ngayong tag-ulan, talagang nagmamahal ang mga bilihin, tulad ng kamatis. Gumamit ng Lucky Me! NamNam Tomato para sa mga tomato dishes para maka menos gastos.\r\n\r\n16. Ang tira-tirang pritong manok o isda, puwdeng gamitin pang Pochero! Kaya ang prito sa tanghali, may gulay at may sabaw pa na pang hapunan. Walang masasayang sa pochero kasi pwedeng gumamit ng mga tira o leftover tulad ng isda at pritong manok.\r\n\r\n17. Bukod sa beef, pwede ka ring makaluto ng espesyal n Caldereta a la NamNam Tomato gamit ang pork, chicken pati isda! Depende sa budget na swak para sa iyo.\r\n\r\n18. Para makatipid sa gasul, gumamit ng mga kalan at cooking pans gawa sa metal (tulad ng stainless steel) dahil kung gawa sa ibang bagay (tulad ng clay) kailangan mo ng mas maraming apoy para maluto ang mga pagkain.\r\n\r\n19. Kung may shopping list ka, makakatulong rin kung may listahan ka ng \"mga hindi importanteng bilihin.\" Minsan kasi, napapabili tayo ng mga bagay na \"on-sale\" kahit hindi naman talaga kailangan.\r\n\r\n20. Ang paggamit ng isang cooking pan habang nagluluto ay hindi lang nakakatulong sa pagmaximize ng flavour, nakakatulong rin siya sa pagbawas ng mga hugasin!','artist_content','0000-00-00 00:00:00','2015-05-12 23:17:39'),(15,'NamNam Cooking Videos','video_btn_top','0000-00-00 00:00:00','0000-00-00 00:00:00'),(16,'Watch and learn how to cook with NamNam!','video_btn_bottom','0000-00-00 00:00:00','0000-00-00 00:00:00'),(17,'https://www.youtube.com/watch?v=NNv4v5Io-50&amp;list=PLGRhcC_vtOrZuV5vu6XzXDWsja3wtfDfN','video_btn_url','0000-00-00 00:00:00','0000-00-00 00:00:00'),(18,'MONDE NISSIN CORPORATION','corporation','0000-00-00 00:00:00','0000-00-00 00:00:00'),(19,'Phone: (02) 810-3550 | 815-6676 | (02) 812-3392 | 810-9207','phone','0000-00-00 00:00:00','0000-00-00 00:00:00'),(20,'22nd & 23rd Floors, 6750 Office Tower, Ayala Avenue, Makati City','address','0000-00-00 00:00:00','2015-03-23 19:02:18'),(21,'Copyright 2015, Monde Nissin Corporation. All rights reserved.','copyright','0000-00-00 00:00:00','2015-03-23 19:06:44'),(22,'https://www.youtube.com/user/luckymeph','social_youtube','0000-00-00 00:00:00','2015-01-11 20:29:28'),(23,'https://www.facebook.com/luckyme.ph?ref=br_tf','social_facebook','0000-00-00 00:00:00','2015-01-11 20:27:01'),(24,'https://twitter.com/namnamph','social_twitter','0000-00-00 00:00:00','2015-01-11 21:00:26'),(25,'namnamPH','social_twitter_via','0000-00-00 00:00:00','0000-00-00 00:00:00');
/*!40000 ALTER TABLE `settings` ENABLE KEYS */;
UNLOCK TABLES;
/*!40103 SET TIME_ZONE=@OLD_TIME_ZONE */;

/*!40101 SET SQL_MODE=@OLD_SQL_MODE */;
/*!40014 SET FOREIGN_KEY_CHECKS=@OLD_FOREIGN_KEY_CHECKS */;
/*!40014 SET UNIQUE_CHECKS=@OLD_UNIQUE_CHECKS */;
/*!40101 SET CHARACTER_SET_CLIENT=@OLD_CHARACTER_SET_CLIENT */;
/*!40101 SET CHARACTER_SET_RESULTS=@OLD_CHARACTER_SET_RESULTS */;
/*!40101 SET COLLATION_CONNECTION=@OLD_COLLATION_CONNECTION */;
/*!40111 SET SQL_NOTES=@OLD_SQL_NOTES */;

-- Dump completed on 2015-05-27  4:06:35
